,alive,bh_ratio,dead,transient
0,201,0.0,116,258
1,202,0.05,122,232
2,222,0.1,103,232
3,234,0.15000000000000002,111,214
4,249,0.2,103,198
5,269,0.25,88,185
6,271,0.30000000000000004,89,185
7,284,0.35000000000000003,79,180
8,298,0.4,91,154
9,343,0.45,63,148
10,323,0.5,55,170
11,332,0.55,51,160
12,328,0.6000000000000001,73,129
13,357,0.65,52,118
14,379,0.7000000000000001,53,92
15,384,0.75,45,95
16,401,0.8,40,82
17,409,0.8500000000000001,39,78
18,433,0.9,31,45
19,451,0.9500000000000001,18,40
20,452,1.0,16,38
21,217,0.0,105,260
22,213,0.05,127,224
23,206,0.1,123,236
24,239,0.15000000000000002,96,218
25,249,0.2,96,201
26,265,0.25,83,195
27,277,0.30000000000000004,90,179
28,288,0.35000000000000003,84,168
29,308,0.4,79,154
30,333,0.45,63,150
31,326,0.5,65,133
32,335,0.55,76,124
33,343,0.6000000000000001,60,131
34,359,0.65,62,105
35,372,0.7000000000000001,43,114
36,383,0.75,39,100
37,413,0.8,38,70
38,410,0.8500000000000001,36,68
39,430,0.9,28,58
40,440,0.9500000000000001,28,42
41,469,1.0,13,24
42,187,0.0,132,252
43,195,0.05,117,243
44,219,0.1,122,211
45,228,0.15000000000000002,117,216
46,243,0.2,104,202
47,281,0.25,101,169
48,275,0.30000000000000004,87,189
49,284,0.35000000000000003,94,172
50,283,0.4,82,169
51,313,0.45,69,158
52,325,0.5,72,138
53,338,0.55,67,129
54,356,0.6000000000000001,58,120
55,367,0.65,45,118
56,382,0.7000000000000001,39,110
57,385,0.75,39,95
58,400,0.8,44,81
59,426,0.8500000000000001,28,65
60,426,0.9,35,57
61,449,0.9500000000000001,27,35
62,463,1.0,18,25
63,199,0.0,125,241
64,224,0.05,131,208
65,226,0.1,101,223
66,231,0.15000000000000002,107,200
67,261,0.2,90,198
68,248,0.25,103,197
69,272,0.30000000000000004,100,177
70,289,0.35000000000000003,97,163
71,290,0.4,88,161
72,312,0.45,84,150
73,320,0.5,67,143
74,342,0.55,51,139
75,350,0.6000000000000001,55,115
76,362,0.65,60,113
77,378,0.7000000000000001,50,99
78,389,0.75,40,97
79,418,0.8,27,72
80,416,0.8500000000000001,34,65
81,444,0.9,22,51
82,437,0.9500000000000001,23,49
83,464,1.0,18,28
84,192,0.0,130,225
85,195,0.05,134,230
86,223,0.1,110,223
87,219,0.15000000000000002,124,215
88,247,0.2,103,197
89,270,0.25,84,197
90,270,0.30000000000000004,94,175
91,272,0.35000000000000003,81,190
92,306,0.4,78,158
93,310,0.45,64,157
94,339,0.5,61,134
95,325,0.55,67,147
96,360,0.6000000000000001,55,118
97,379,0.65,47,96
98,362,0.7000000000000001,54,106
99,403,0.75,40,75
100,405,0.8,47,65
101,416,0.8500000000000001,36,63
102,443,0.9,18,60
103,440,0.9500000000000001,21,53
104,461,1.0,21,31
105,207,0.0,125,236
106,211,0.05,120,229
107,216,0.1,116,217
108,235,0.15000000000000002,96,222
109,251,0.2,110,179
110,262,0.25,100,186
111,258,0.30000000000000004,89,204
112,279,0.35000000000000003,85,179
113,319,0.4,69,149
114,314,0.45,65,160
115,331,0.5,77,124
116,331,0.55,64,133
117,345,0.6000000000000001,69,113
118,374,0.65,53,103
119,385,0.7000000000000001,47,98
120,363,0.75,59,102
121,401,0.8,38,82
122,415,0.8500000000000001,37,65
123,426,0.9,31,61
124,441,0.9500000000000001,24,43
125,462,1.0,13,33
126,207,0.0,111,255
127,218,0.05,103,251
128,203,0.1,123,229
129,247,0.15000000000000002,93,213
130,243,0.2,109,197
131,260,0.25,84,203
132,275,0.30000000000000004,87,183
133,281,0.35000000000000003,94,164
134,305,0.4,75,170
135,307,0.45,85,148
136,307,0.5,81,138
137,334,0.55,65,129
138,340,0.6000000000000001,58,127
139,353,0.65,58,117
140,375,0.7000000000000001,48,113
141,387,0.75,46,89
142,408,0.8,41,74
143,413,0.8500000000000001,37,61
144,418,0.9,32,65
145,446,0.9500000000000001,19,48
146,456,1.0,15,33
147,183,0.0,119,245
148,215,0.05,116,237
149,227,0.1,112,219
150,254,0.15000000000000002,95,200
151,247,0.2,98,212
152,260,0.25,92,192
153,263,0.30000000000000004,87,197
154,281,0.35000000000000003,89,176
155,296,0.4,92,155
156,316,0.45,64,161
157,315,0.5,71,140
158,341,0.55,65,131
159,338,0.6000000000000001,71,120
160,360,0.65,55,120
161,366,0.7000000000000001,50,108
162,389,0.75,50,84
163,412,0.8,35,71
164,418,0.8500000000000001,33,69
165,435,0.9,29,47
166,442,0.9500000000000001,23,49
167,448,1.0,20,36
168,210,0.0,126,233
169,212,0.05,122,217
170,205,0.1,113,239
171,218,0.15000000000000002,104,223
172,262,0.2,108,173
173,263,0.25,81,192
174,249,0.30000000000000004,101,195
175,284,0.35000000000000003,90,167
176,300,0.4,69,177
177,309,0.45,69,157
178,334,0.5,76,139
179,354,0.55,51,128
180,370,0.6000000000000001,50,103
181,366,0.65,39,128
182,402,0.7000000000000001,46,78
183,393,0.75,39,83
184,419,0.8,29,76
185,408,0.8500000000000001,38,65
186,415,0.9,36,70
187,440,0.9500000000000001,26,41
188,451,1.0,24,35
189,204,0.0,99,263
190,205,0.05,123,233
191,225,0.1,117,209
192,226,0.15000000000000002,109,207
193,245,0.2,100,210
194,269,0.25,94,186
195,289,0.30000000000000004,86,171
196,279,0.35000000000000003,81,188
197,299,0.4,74,163
198,323,0.45,70,143
199,324,0.5,66,152
200,329,0.55,69,131
201,350,0.6000000000000001,75,102
202,357,0.65,58,118
203,379,0.7000000000000001,44,97
204,385,0.75,46,85
205,405,0.8,41,76
206,432,0.8500000000000001,32,52
207,431,0.9,23,63
208,446,0.9500000000000001,30,40
209,449,1.0,22,42
210,207,0.0,113,248
211,208,0.05,117,242
212,208,0.1,107,239
213,227,0.15000000000000002,116,212
214,263,0.2,88,209
215,251,0.25,109,183
216,282,0.30000000000000004,81,178
217,262,0.35000000000000003,101,178
218,274,0.4,85,181
219,326,0.45,66,145
220,335,0.5,71,137
221,332,0.55,67,132
222,341,0.6000000000000001,60,143
223,360,0.65,65,93
224,354,0.7000000000000001,62,111
225,400,0.75,45,69
226,413,0.8,37,73
227,427,0.8500000000000001,35,52
228,425,0.9,34,50
229,441,0.9500000000000001,21,54
230,446,1.0,14,50
231,177,0.0,130,247
232,224,0.05,117,226
233,214,0.1,130,202
234,235,0.15000000000000002,108,214
235,259,0.2,90,202
236,274,0.25,98,184
237,287,0.30000000000000004,81,179
238,307,0.35000000000000003,75,172
239,286,0.4,98,151
240,299,0.45,82,154
241,305,0.5,65,159
242,331,0.55,54,144
243,350,0.6000000000000001,57,115
244,384,0.65,48,98
245,363,0.7000000000000001,53,108
246,390,0.75,42,93
247,402,0.8,37,78
248,410,0.8500000000000001,27,75
249,427,0.9,34,57
250,444,0.9500000000000001,16,49
251,460,1.0,14,36
252,203,0.0,113,246
253,211,0.05,122,236
254,221,0.1,116,226
255,235,0.15000000000000002,107,225
256,275,0.2,84,212
257,257,0.25,100,193
258,276,0.30000000000000004,87,174
259,305,0.35000000000000003,70,178
260,291,0.4,82,170
261,309,0.45,70,167
262,328,0.5,75,128
263,352,0.55,54,128
264,355,0.6000000000000001,53,119
265,376,0.65,55,96
266,387,0.7000000000000001,54,90
267,378,0.75,57,88
268,411,0.8,28,79
269,416,0.8500000000000001,39,60
270,437,0.9,22,56
271,438,0.9500000000000001,24,49
272,453,1.0,22,36
273,183,0.0,124,256
274,219,0.05,112,235
275,223,0.1,99,230
276,236,0.15000000000000002,111,193
277,245,0.2,127,181
278,269,0.25,98,176
279,278,0.30000000000000004,87,173
280,271,0.35000000000000003,93,180
281,284,0.4,94,169
282,314,0.45,72,147
283,339,0.5,65,132
284,340,0.55,63,136
285,359,0.6000000000000001,60,110
286,375,0.65,53,102
287,362,0.7000000000000001,50,110
288,398,0.75,40,88
289,410,0.8,34,77
290,414,0.8500000000000001,32,68
291,439,0.9,19,56
292,448,0.9500000000000001,18,42
293,451,1.0,25,33
294,203,0.0,131,235
295,213,0.05,105,245
296,213,0.1,117,222
297,239,0.15000000000000002,107,207
298,253,0.2,99,204
299,265,0.25,101,177
300,270,0.30000000000000004,92,191
301,300,0.35000000000000003,77,150
302,291,0.4,90,163
303,323,0.45,67,166
304,326,0.5,74,129
305,353,0.55,40,140
306,347,0.6000000000000001,59,121
307,351,0.65,59,119
308,373,0.7000000000000001,57,96
309,386,0.75,42,100
310,398,0.8,40,92
311,421,0.8500000000000001,39,65
312,432,0.9,29,54
313,437,0.9500000000000001,20,52
314,457,1.0,17,33
315,199,0.0,116,244
316,219,0.05,108,233
317,243,0.1,112,204
318,238,0.15000000000000002,107,207
319,231,0.2,112,209
320,267,0.25,96,179
321,279,0.30000000000000004,83,186
322,296,0.35000000000000003,96,145
323,319,0.4,65,154
324,321,0.45,76,161
325,323,0.5,68,142
326,364,0.55,46,133
327,323,0.6000000000000001,74,137
328,365,0.65,54,111
329,377,0.7000000000000001,51,101
330,366,0.75,56,104
331,416,0.8,32,70
332,420,0.8500000000000001,43,53
333,443,0.9,21,50
334,435,0.9500000000000001,25,51
335,455,1.0,20,30
336,203,0.0,111,262
337,207,0.05,121,240
338,232,0.1,106,213
339,220,0.15000000000000002,114,216
340,244,0.2,108,198
341,264,0.25,106,187
342,280,0.30000000000000004,91,179
343,282,0.35000000000000003,95,156
344,293,0.4,87,168
345,321,0.45,73,155
346,332,0.5,73,119
347,338,0.55,63,121
348,359,0.6000000000000001,48,132
349,394,0.65,38,96
350,373,0.7000000000000001,43,113
351,411,0.75,41,72
352,399,0.8,44,73
353,411,0.8500000000000001,30,72
354,420,0.9,31,63
355,443,0.9500000000000001,21,46
356,463,1.0,12,34
357,184,0.0,136,227
358,206,0.05,111,243
359,225,0.1,98,241
360,229,0.15000000000000002,106,225
361,243,0.2,99,216
362,253,0.25,97,191
363,260,0.30000000000000004,100,172
364,283,0.35000000000000003,86,169
365,287,0.4,77,171
366,313,0.45,72,158
367,335,0.5,56,150
368,351,0.55,65,112
369,361,0.6000000000000001,60,110
370,367,0.65,67,96
371,386,0.7000000000000001,50,88
372,392,0.75,45,86
373,406,0.8,43,67
374,433,0.8500000000000001,20,63
375,435,0.9,20,64
376,449,0.9500000000000001,22,44
377,452,1.0,13,47
378,189,0.0,126,261
379,194,0.05,118,248
380,230,0.1,113,212
381,236,0.15000000000000002,105,216
382,257,0.2,98,187
383,261,0.25,95,199
384,296,0.30000000000000004,79,169
385,283,0.35000000000000003,83,178
386,306,0.4,70,158
387,316,0.45,73,150
388,349,0.5,64,125
389,324,0.55,79,121
390,360,0.6000000000000001,47,129
391,362,0.65,55,112
392,364,0.7000000000000001,49,105
393,393,0.75,40,95
394,408,0.8,39,73
395,422,0.8500000000000001,36,65
396,435,0.9,21,58
397,451,0.9500000000000001,26,40
398,455,1.0,20,34
399,185,0.0,121,260
400,230,0.05,119,232
401,223,0.1,130,215
402,226,0.15000000000000002,107,223
403,231,0.2,90,220
404,254,0.25,90,201
405,294,0.30000000000000004,82,172
406,284,0.35000000000000003,94,166
407,311,0.4,79,152
408,315,0.45,71,159
409,341,0.5,59,135
410,337,0.55,55,144
411,365,0.6000000000000001,63,101
412,370,0.65,56,104
413,386,0.7000000000000001,45,89
414,399,0.75,35,94
415,415,0.8,33,74
416,419,0.8500000000000001,33,67
417,439,0.9,23,56
418,452,0.9500000000000001,15,49
419,450,1.0,21,36
420,206,0.0,119,236
421,183,0.05,132,233
422,213,0.1,118,231
423,241,0.15000000000000002,98,207
424,253,0.2,97,198
425,261,0.25,96,196
426,287,0.30000000000000004,86,178
427,303,0.35000000000000003,77,158
428,298,0.4,65,178
429,301,0.45,68,179
430,325,0.5,62,145
431,345,0.55,57,119
432,356,0.6000000000000001,68,116
433,372,0.65,57,100
434,378,0.7000000000000001,52,86
435,391,0.75,43,91
436,403,0.8,35,76
437,414,0.8500000000000001,37,62
438,446,0.9,20,48
439,446,0.9500000000000001,19,42
440,459,1.0,19,31
441,190,0.0,124,247
442,191,0.05,137,237
443,213,0.1,122,227
444,252,0.15000000000000002,110,199
445,257,0.2,94,213
446,265,0.25,80,199
447,251,0.30000000000000004,113,182
448,272,0.35000000000000003,103,166
449,305,0.4,78,170
450,313,0.45,77,151
451,316,0.5,77,146
452,332,0.55,64,141
453,359,0.6000000000000001,58,110
454,370,0.65,60,84
455,386,0.7000000000000001,39,100
456,381,0.75,48,89
457,421,0.8,29,71
458,425,0.8500000000000001,34,55
459,438,0.9,24,54
460,442,0.9500000000000001,29,34
461,458,1.0,16,37
462,183,0.0,125,259
463,220,0.05,107,235
464,201,0.1,118,231
465,243,0.15000000000000002,96,209
466,252,0.2,102,205
467,248,0.25,99,197
468,284,0.30000000000000004,82,176
469,289,0.35000000000000003,88,175
470,296,0.4,75,174
471,287,0.45,84,163
472,314,0.5,73,151
473,334,0.55,67,129
474,358,0.6000000000000001,51,139
475,365,0.65,53,113
476,393,0.7000000000000001,46,90
477,381,0.75,50,87
478,413,0.8,40,60
479,417,0.8500000000000001,28,73
480,423,0.9,31,58
481,437,0.9500000000000001,29,48
482,456,1.0,20,31
483,201,0.0,126,233
484,215,0.05,111,238
485,221,0.1,98,242
486,245,0.15000000000000002,109,207
487,255,0.2,105,195
488,247,0.25,91,214
489,272,0.30000000000000004,90,191
490,269,0.35000000000000003,98,177
491,306,0.4,84,140
492,308,0.45,73,157
493,339,0.5,59,135
494,341,0.55,60,131
495,352,0.6000000000000001,62,115
496,371,0.65,52,109
497,376,0.7000000000000001,38,106
498,387,0.75,37,97
499,414,0.8,34,68
500,414,0.8500000000000001,37,65
501,449,0.9,24,42
502,463,0.9500000000000001,10,41
503,452,1.0,14,43
504,191,0.0,130,232
505,204,0.05,119,238
506,228,0.1,111,217
507,244,0.15000000000000002,105,206
508,259,0.2,83,206
509,254,0.25,93,205
510,280,0.30000000000000004,86,181
511,312,0.35000000000000003,74,164
512,301,0.4,78,167
513,315,0.45,70,151
514,307,0.5,83,144
515,353,0.55,60,123
516,347,0.6000000000000001,52,135
517,357,0.65,53,116
518,383,0.7000000000000001,41,100
519,391,0.75,43,84
520,414,0.8,37,66
521,433,0.8500000000000001,32,52
522,438,0.9,21,53
523,439,0.9500000000000001,23,46
524,460,1.0,21,27
525,184,0.0,128,250
526,188,0.05,125,232
527,202,0.1,123,232
528,224,0.15000000000000002,106,225
529,256,0.2,97,197
530,272,0.25,92,192
531,265,0.30000000000000004,98,177
532,281,0.35000000000000003,88,167
533,294,0.4,79,165
534,313,0.45,71,152
535,326,0.5,69,133
536,332,0.55,67,130
537,344,0.6000000000000001,64,122
538,378,0.65,56,88
539,375,0.7000000000000001,59,95
540,399,0.75,41,79
541,406,0.8,37,72
542,409,0.8500000000000001,39,70
543,448,0.9,14,57
544,449,0.9500000000000001,22,43
545,454,1.0,21,40
546,201,0.0,133,224
547,203,0.05,108,261
548,210,0.1,110,232
549,232,0.15000000000000002,99,227
550,253,0.2,112,196
551,269,0.25,96,182
552,275,0.30000000000000004,87,189
553,295,0.35000000000000003,86,156
554,306,0.4,80,167
555,310,0.45,66,155
556,325,0.5,78,143
557,339,0.55,67,131
558,363,0.6000000000000001,43,118
559,360,0.65,50,112
560,382,0.7000000000000001,42,98
561,398,0.75,38,88
562,420,0.8,37,60
563,434,0.8500000000000001,28,49
564,432,0.9,27,61
565,453,0.9500000000000001,19,37
566,464,1.0,14,31
567,210,0.0,116,226
568,217,0.05,119,235
569,226,0.1,118,212
570,246,0.15000000000000002,112,195
571,239,0.2,103,215
572,269,0.25,88,188
573,277,0.30000000000000004,83,192
574,295,0.35000000000000003,78,178
575,301,0.4,86,155
576,306,0.45,76,156
577,339,0.5,62,137
578,328,0.55,57,143
579,377,0.6000000000000001,44,114
580,387,0.65,50,92
581,386,0.7000000000000001,40,104
582,386,0.75,49,82
583,393,0.8,28,98
584,396,0.8500000000000001,53,69
585,428,0.9,32,58
586,454,0.9500000000000001,14,43
587,461,1.0,23,22
588,207,0.0,117,250
589,218,0.05,130,209
590,218,0.1,97,255
591,232,0.15000000000000002,101,228
592,232,0.2,108,207
593,259,0.25,108,178
594,274,0.30000000000000004,102,171
595,275,0.35000000000000003,108,172
596,311,0.4,79,155
597,326,0.45,75,144
598,339,0.5,62,136
599,352,0.55,66,114
600,362,0.6000000000000001,58,106
601,371,0.65,43,112
602,381,0.7000000000000001,48,90
603,395,0.75,46,81
604,404,0.8,41,76
605,413,0.8500000000000001,29,69
606,435,0.9,20,64
607,445,0.9500000000000001,21,46
608,454,1.0,21,36
609,175,0.0,128,240
610,209,0.05,135,203
611,215,0.1,121,217
612,230,0.15000000000000002,107,213
613,238,0.2,107,192
614,247,0.25,113,190
615,274,0.30000000000000004,94,177
616,295,0.35000000000000003,79,180
617,305,0.4,83,159
618,307,0.45,85,160
619,330,0.5,66,135
620,335,0.55,61,134
621,356,0.6000000000000001,54,125
622,377,0.65,57,94
623,377,0.7000000000000001,43,108
624,406,0.75,40,74
625,409,0.8,49,60
626,417,0.8500000000000001,32,67
627,425,0.9,33,51
628,446,0.9500000000000001,23,40
629,464,1.0,16,26
630,210,0.0,122,241
631,222,0.05,114,232
632,221,0.1,117,217
633,237,0.15000000000000002,119,195
634,248,0.2,109,203
635,261,0.25,113,177
636,276,0.30000000000000004,98,177
637,283,0.35000000000000003,84,174
638,300,0.4,76,168
639,309,0.45,76,161
640,337,0.5,64,137
641,332,0.55,61,143
642,372,0.6000000000000001,57,108
643,371,0.65,48,103
644,376,0.7000000000000001,51,109
645,382,0.75,46,98
646,404,0.8,32,79
647,426,0.8500000000000001,27,62
648,441,0.9,24,42
649,442,0.9500000000000001,26,46
650,463,1.0,17,30
651,182,0.0,141,235
652,217,0.05,129,210
653,217,0.1,118,216
654,237,0.15000000000000002,114,204
655,259,0.2,109,184
656,264,0.25,100,183
657,271,0.30000000000000004,103,182
658,282,0.35000000000000003,90,175
659,300,0.4,92,156
660,300,0.45,83,166
661,327,0.5,79,140
662,344,0.55,58,122
663,353,0.6000000000000001,67,111
664,380,0.65,49,107
665,376,0.7000000000000001,46,103
666,398,0.75,38,89
667,411,0.8,33,72
668,422,0.8500000000000001,27,72
669,419,0.9,36,59
670,452,0.9500000000000001,23,34
671,457,1.0,17,32
672,203,0.0,111,247
673,206,0.05,118,238
674,209,0.1,100,251
675,233,0.15000000000000002,106,212
676,233,0.2,115,212
677,268,0.25,110,177
678,266,0.30000000000000004,106,180
679,287,0.35000000000000003,79,185
680,289,0.4,85,163
681,301,0.45,74,160
682,320,0.5,73,148
683,336,0.55,61,146
684,343,0.6000000000000001,53,128
685,363,0.65,53,112
686,379,0.7000000000000001,52,94
687,384,0.75,45,89
688,404,0.8,36,81
689,420,0.8500000000000001,30,68
690,441,0.9,24,46
691,444,0.9500000000000001,23,47
692,458,1.0,21,32
693,193,0.0,141,226
694,221,0.05,118,217
695,221,0.1,112,228
696,224,0.15000000000000002,117,206
697,250,0.2,104,199
698,279,0.25,84,192
699,276,0.30000000000000004,96,174
700,274,0.35000000000000003,86,186
701,311,0.4,80,150
702,306,0.45,70,164
703,339,0.5,55,147
704,343,0.55,56,130
705,357,0.6000000000000001,66,107
706,344,0.65,60,115
707,366,0.7000000000000001,56,104
708,393,0.75,48,84
709,418,0.8,33,74
710,408,0.8500000000000001,32,75
711,442,0.9,20,50
712,447,0.9500000000000001,18,40
713,456,1.0,15,39
714,209,0.0,124,236
715,193,0.05,112,244
716,224,0.1,119,222
717,226,0.15000000000000002,118,214
718,251,0.2,108,188
719,255,0.25,97,196
720,276,0.30000000000000004,78,184
721,276,0.35000000000000003,89,181
722,299,0.4,78,154
723,315,0.45,71,154
724,318,0.5,67,153
725,349,0.55,62,124
726,347,0.6000000000000001,60,126
727,356,0.65,53,115
728,375,0.7000000000000001,50,105
729,379,0.75,49,95
730,405,0.8,41,73
731,413,0.8500000000000001,37,66
732,439,0.9,24,47
733,448,0.9500000000000001,22,46
734,463,1.0,15,29
735,200,0.0,109,245
736,200,0.05,129,216
737,215,0.1,115,229
738,236,0.15000000000000002,110,211
739,241,0.2,97,222
740,252,0.25,109,182
741,263,0.30000000000000004,108,173
742,292,0.35000000000000003,88,165
743,314,0.4,68,157
744,323,0.45,73,151
745,314,0.5,63,159
746,328,0.55,76,130
747,356,0.6000000000000001,59,119
748,348,0.65,66,107
749,384,0.7000000000000001,51,90
750,394,0.75,42,85
751,408,0.8,34,80
752,425,0.8500000000000001,38,59
753,420,0.9,39,57
754,440,0.9500000000000001,24,49
755,455,1.0,14,38
756,211,0.0,126,234
757,198,0.05,120,233
758,217,0.1,120,221
759,205,0.15000000000000002,117,230
760,255,0.2,107,189
761,254,0.25,101,194
762,277,0.30000000000000004,78,204
763,289,0.35000000000000003,88,161
764,317,0.4,60,161
765,329,0.45,71,138
766,306,0.5,68,165
767,345,0.55,57,127
768,344,0.6000000000000001,57,140
769,380,0.65,52,101
770,374,0.7000000000000001,44,114
771,392,0.75,41,97
772,413,0.8,40,62
773,413,0.8500000000000001,35,62
774,418,0.9,27,64
775,430,0.9500000000000001,33,49
776,458,1.0,17,37
777,201,0.0,118,243
778,193,0.05,121,245
779,225,0.1,106,238
780,221,0.15000000000000002,105,231
781,234,0.2,109,200
782,256,0.25,98,206
783,263,0.30000000000000004,90,194
784,284,0.35000000000000003,84,177
785,311,0.4,74,164
786,319,0.45,61,151
787,310,0.5,73,158
788,330,0.55,73,129
789,342,0.6000000000000001,65,120
790,365,0.65,59,105
791,381,0.7000000000000001,50,94
792,376,0.75,56,92
793,406,0.8,33,74
794,401,0.8500000000000001,45,72
795,422,0.9,28,66
796,442,0.9500000000000001,22,50
797,458,1.0,22,28
798,210,0.0,120,237
799,208,0.05,121,230
800,212,0.1,104,254
801,234,0.15000000000000002,113,202
802,247,0.2,88,210
803,239,0.25,107,194
804,272,0.30000000000000004,93,191
805,275,0.35000000000000003,98,161
806,287,0.4,90,162
807,327,0.45,77,138
808,330,0.5,66,148
809,343,0.55,50,148
810,372,0.6000000000000001,54,105
811,354,0.65,57,120
812,395,0.7000000000000001,36,91
813,389,0.75,37,94
814,399,0.8,44,83
815,399,0.8500000000000001,41,81
816,441,0.9,23,47
817,439,0.9500000000000001,33,40
818,459,1.0,18,34
819,211,0.0,120,238
820,197,0.05,120,247
821,233,0.1,108,218
822,228,0.15000000000000002,103,219
823,255,0.2,102,197
824,285,0.25,82,187
825,269,0.30000000000000004,101,176
826,294,0.35000000000000003,79,175
827,280,0.4,97,163
828,319,0.45,71,140
829,333,0.5,77,128
830,339,0.55,70,127
831,344,0.6000000000000001,61,122
832,364,0.65,60,105
833,375,0.7000000000000001,59,92
834,395,0.75,41,84
835,404,0.8,44,76
836,413,0.8500000000000001,27,74
837,425,0.9,28,65
838,444,0.9500000000000001,22,49
839,457,1.0,16,33
840,189,0.0,134,244
841,202,0.05,125,230
842,225,0.1,119,215
843,241,0.15000000000000002,106,195
844,238,0.2,112,189
845,247,0.25,105,192
846,263,0.30000000000000004,105,187
847,309,0.35000000000000003,82,155
848,322,0.4,71,161
849,302,0.45,80,158
850,337,0.5,66,129
851,340,0.55,66,117
852,350,0.6000000000000001,66,115
853,359,0.65,52,118
854,390,0.7000000000000001,41,94
855,376,0.75,52,89
856,405,0.8,38,77
857,432,0.8500000000000001,29,55
858,436,0.9,22,53
859,444,0.9500000000000001,21,47
860,459,1.0,13,39
861,195,0.0,143,224
862,211,0.05,119,229
863,228,0.1,128,213
864,227,0.15000000000000002,117,208
865,258,0.2,103,193
866,254,0.25,88,199
867,261,0.30000000000000004,102,185
868,292,0.35000000000000003,93,165
869,293,0.4,86,163
870,327,0.45,77,137
871,322,0.5,74,145
872,360,0.55,63,111
873,349,0.6000000000000001,57,128
874,382,0.65,35,116
875,381,0.7000000000000001,59,83
876,396,0.75,37,92
877,417,0.8,33,64
878,414,0.8500000000000001,35,63
879,436,0.9,21,52
880,442,0.9500000000000001,24,45
881,452,1.0,20,33
882,193,0.0,120,253
883,215,0.05,109,249
884,220,0.1,106,235
885,251,0.15000000000000002,93,215
886,253,0.2,98,193
887,241,0.25,110,192
888,284,0.30000000000000004,96,176
889,286,0.35000000000000003,89,170
890,268,0.4,94,187
891,314,0.45,72,153
892,332,0.5,58,149
893,331,0.55,72,120
894,349,0.6000000000000001,63,121
895,371,0.65,57,104
896,366,0.7000000000000001,56,102
897,389,0.75,47,91
898,412,0.8,41,63
899,417,0.8500000000000001,38,65
900,439,0.9,25,50
901,454,0.9500000000000001,14,44
902,464,1.0,10,35
903,186,0.0,121,259
904,217,0.05,119,228
905,219,0.1,118,214
906,200,0.15000000000000002,124,226
907,227,0.2,106,221
908,266,0.25,95,190
909,268,0.30000000000000004,109,169
910,287,0.35000000000000003,78,178
911,297,0.4,103,135
912,307,0.45,80,155
913,329,0.5,70,134
914,346,0.55,69,124
915,365,0.6000000000000001,44,120
916,349,0.65,50,126
917,368,0.7000000000000001,56,97
918,397,0.75,44,81
919,400,0.8,42,79
920,416,0.8500000000000001,33,65
921,431,0.9,31,50
922,448,0.9500000000000001,17,47
923,451,1.0,17,38
924,197,0.0,129,239
925,213,0.05,125,220
926,217,0.1,107,244
927,237,0.15000000000000002,104,215
928,246,0.2,106,197
929,270,0.25,96,191
930,249,0.30000000000000004,95,208
931,292,0.35000000000000003,90,173
932,301,0.4,82,168
933,306,0.45,70,155
934,333,0.5,62,141
935,342,0.55,67,123
936,337,0.6000000000000001,57,133
937,364,0.65,68,99
938,379,0.7000000000000001,49,84
939,404,0.75,36,80
940,402,0.8,46,70
941,418,0.8500000000000001,35,61
942,436,0.9,26,48
943,445,0.9500000000000001,24,41
944,452,1.0,12,43
945,204,0.0,108,258
946,214,0.05,113,231
947,223,0.1,111,227
948,247,0.15000000000000002,103,215
949,250,0.2,98,200
950,246,0.25,98,211
951,290,0.30000000000000004,81,185
952,285,0.35000000000000003,91,166
953,313,0.4,78,144
954,313,0.45,76,155
955,327,0.5,65,145
956,331,0.55,65,135
957,333,0.6000000000000001,70,116
958,383,0.65,51,91
959,360,0.7000000000000001,50,115
960,397,0.75,30,99
961,394,0.8,50,78
962,416,0.8500000000000001,35,74
963,427,0.9,24,66
964,448,0.9500000000000001,20,42
965,455,1.0,17,41
966,190,0.0,113,262
967,199,0.05,131,228
968,217,0.1,121,227
969,235,0.15000000000000002,111,197
970,238,0.2,107,220
971,281,0.25,77,194
972,277,0.30000000000000004,93,167
973,271,0.35000000000000003,80,200
974,281,0.4,82,178
975,322,0.45,67,146
976,320,0.5,71,132
977,337,0.55,68,127
978,367,0.6000000000000001,50,109
979,362,0.65,59,117
980,391,0.7000000000000001,46,91
981,402,0.75,40,74
982,393,0.8,50,78
983,418,0.8500000000000001,28,62
984,438,0.9,31,46
985,440,0.9500000000000001,25,48
986,452,1.0,14,43
987,179,0.0,115,269
988,201,0.05,124,232
989,201,0.1,119,233
990,237,0.15000000000000002,106,205
991,258,0.2,86,212
992,255,0.25,109,183
993,264,0.30000000000000004,106,178
994,296,0.35000000000000003,74,174
995,304,0.4,79,158
996,298,0.45,84,141
997,316,0.5,72,154
998,348,0.55,66,112
999,355,0.6000000000000001,52,126
1000,365,0.65,65,99
1001,385,0.7000000000000001,43,97
1002,375,0.75,46,94
1003,416,0.8,20,75
1004,432,0.8500000000000001,29,65
1005,436,0.9,31,51
1006,446,0.9500000000000001,23,38
1007,451,1.0,21,31
1008,204,0.0,116,246
1009,194,0.05,123,242
1010,243,0.1,110,217
1011,236,0.15000000000000002,110,220
1012,246,0.2,93,208
1013,268,0.25,98,185
1014,266,0.30000000000000004,95,182
1015,272,0.35000000000000003,85,191
1016,293,0.4,84,157
1017,295,0.45,98,135
1018,320,0.5,84,131
1019,336,0.55,65,137
1020,356,0.6000000000000001,64,105
1021,359,0.65,49,122
1022,378,0.7000000000000001,48,111
1023,414,0.75,36,76
1024,398,0.8,36,85
1025,424,0.8500000000000001,24,77
1026,418,0.9,38,57
1027,450,0.9500000000000001,22,41
1028,457,1.0,16,34
1029,195,0.0,128,244
1030,217,0.05,118,236
1031,226,0.1,104,228
1032,228,0.15000000000000002,115,210
1033,266,0.2,97,194
1034,267,0.25,115,173
1035,264,0.30000000000000004,85,195
1036,295,0.35000000000000003,85,168
1037,299,0.4,84,162
1038,313,0.45,72,148
1039,303,0.5,80,149
1040,313,0.55,79,130
1041,347,0.6000000000000001,58,118
1042,370,0.65,51,102
1043,383,0.7000000000000001,57,86
1044,405,0.75,38,81
1045,398,0.8,45,79
1046,409,0.8500000000000001,42,69
1047,425,0.9,29,55
1048,452,0.9500000000000001,17,42
1049,463,1.0,17,33
1050,200,0.0,119,246
1051,199,0.05,128,229
1052,221,0.1,110,232
1053,226,0.15000000000000002,113,203
1054,249,0.2,97,208
1055,284,0.25,85,189
1056,274,0.30000000000000004,80,199
1057,298,0.35000000000000003,85,177
1058,300,0.4,76,158
1059,317,0.45,74,153
1060,330,0.5,67,143
1061,336,0.55,72,116
1062,344,0.6000000000000001,61,117
1063,381,0.65,50,105
1064,382,0.7000000000000001,50,99
1065,394,0.75,40,93
1066,405,0.8,36,81
1067,401,0.8500000000000001,40,69
1068,433,0.9,27,51
1069,430,0.9500000000000001,36,44
1070,445,1.0,18,48
1071,201,0.0,128,230
1072,206,0.05,117,231
1073,215,0.1,113,229
1074,231,0.15000000000000002,109,223
1075,251,0.2,97,196
1076,258,0.25,99,197
1077,284,0.30000000000000004,102,153
1078,291,0.35000000000000003,82,177
1079,306,0.4,100,129
1080,305,0.45,76,160
1081,338,0.5,74,124
1082,338,0.55,65,118
1083,345,0.6000000000000001,60,121
1084,367,0.65,56,101
1085,376,0.7000000000000001,53,98
1086,388,0.75,56,80
1087,395,0.8,42,85
1088,412,0.8500000000000001,46,60
1089,423,0.9,38,50
1090,438,0.9500000000000001,21,54
1091,465,1.0,13,32
1092,211,0.0,120,232
1093,217,0.05,109,241
1094,226,0.1,118,213
1095,236,0.15000000000000002,107,225
1096,239,0.2,111,201
1097,259,0.25,87,205
1098,258,0.30000000000000004,93,192
1099,292,0.35000000000000003,86,170
1100,300,0.4,88,154
1101,337,0.45,72,131
1102,316,0.5,76,145
1103,333,0.55,67,129
1104,363,0.6000000000000001,63,107
1105,377,0.65,59,88
1106,393,0.7000000000000001,54,85
1107,391,0.75,48,84
1108,423,0.8,33,68
1109,432,0.8500000000000001,28,56
1110,439,0.9,28,51
1111,450,0.9500000000000001,19,42
1112,448,1.0,18,39
1113,200,0.0,103,268
1114,201,0.05,113,242
1115,237,0.1,106,217
1116,228,0.15000000000000002,118,207
1117,226,0.2,117,195
1118,270,0.25,95,182
1119,264,0.30000000000000004,98,182
1120,285,0.35000000000000003,85,176
1121,300,0.4,77,155
1122,308,0.45,77,156
1123,349,0.5,64,122
1124,331,0.55,69,128
1125,347,0.6000000000000001,79,104
1126,352,0.65,53,127
1127,378,0.7000000000000001,52,96
1128,387,0.75,46,83
1129,410,0.8,42,63
1130,408,0.8500000000000001,37,77
1131,420,0.9,33,63
1132,436,0.9500000000000001,15,65
1133,458,1.0,8,43
1134,190,0.0,123,257
1135,202,0.05,120,233
1136,225,0.1,105,222
1137,230,0.15000000000000002,116,204
1138,271,0.2,81,209
1139,264,0.25,101,193
1140,265,0.30000000000000004,99,173
1141,294,0.35000000000000003,81,174
1142,297,0.4,81,167
1143,311,0.45,85,147
1144,335,0.5,65,137
1145,345,0.55,66,118
1146,378,0.6000000000000001,49,108
1147,371,0.65,61,99
1148,385,0.7000000000000001,50,85
1149,384,0.75,47,90
1150,418,0.8,37,67
1151,412,0.8500000000000001,28,70
1152,431,0.9,30,56
1153,443,0.9500000000000001,30,42
1154,465,1.0,13,33
1155,197,0.0,131,231
1156,223,0.05,107,242
1157,198,0.1,136,224
1158,234,0.15000000000000002,104,211
1159,236,0.2,105,220
1160,244,0.25,99,209
1161,291,0.30000000000000004,77,187
1162,294,0.35000000000000003,80,181
1163,308,0.4,88,143
1164,326,0.45,79,125
1165,346,0.5,57,149
1166,325,0.55,86,118
1167,363,0.6000000000000001,45,118
1168,358,0.65,67,102
1169,384,0.7000000000000001,40,103
1170,390,0.75,45,83
1171,411,0.8,37,71
1172,408,0.8500000000000001,37,68
1173,415,0.9,34,63
1174,438,0.9500000000000001,24,48
1175,461,1.0,11,42
1176,191,0.0,121,248
1177,196,0.05,118,230
1178,223,0.1,106,234
1179,239,0.15000000000000002,110,216
1180,241,0.2,100,210
1181,260,0.25,96,180
1182,282,0.30000000000000004,84,186
1183,284,0.35000000000000003,85,173
1184,302,0.4,82,154
1185,309,0.45,74,155
1186,345,0.5,60,134
1187,356,0.55,58,123
1188,346,0.6000000000000001,56,126
1189,357,0.65,59,104
1190,377,0.7000000000000001,53,102
1191,388,0.75,40,90
1192,394,0.8,39,83
1193,410,0.8500000000000001,36,71
1194,437,0.9,25,49
1195,443,0.9500000000000001,17,53
1196,458,1.0,19,28
1197,169,0.0,123,267
1198,204,0.05,135,208
1199,228,0.1,121,215
1200,242,0.15000000000000002,98,216
1201,237,0.2,102,219
1202,253,0.25,103,198
1203,290,0.30000000000000004,82,173
1204,272,0.35000000000000003,90,180
1205,308,0.4,79,158
1206,306,0.45,87,139
1207,325,0.5,82,130
1208,327,0.55,78,129
1209,349,0.6000000000000001,57,123
1210,377,0.65,47,97
1211,373,0.7000000000000001,66,94
1212,398,0.75,41,96
1213,401,0.8,37,82
1214,416,0.8500000000000001,38,75
1215,443,0.9,26,44
1216,442,0.9500000000000001,20,52
1217,466,1.0,10,34
1218,191,0.0,135,244
1219,206,0.05,124,229
1220,235,0.1,110,215
1221,229,0.15000000000000002,109,231
1222,257,0.2,105,192
1223,275,0.25,92,190
1224,302,0.30000000000000004,72,177
1225,287,0.35000000000000003,92,176
1226,278,0.4,102,157
1227,308,0.45,78,151
1228,340,0.5,60,146
1229,338,0.55,64,135
1230,351,0.6000000000000001,65,118
1231,347,0.65,54,134
1232,386,0.7000000000000001,45,97
1233,395,0.75,42,80
1234,407,0.8,40,72
1235,401,0.8500000000000001,38,74
1236,432,0.9,29,50
1237,447,0.9500000000000001,22,37
1238,447,1.0,15,47
1239,188,0.0,134,231
1240,192,0.05,130,234
1241,238,0.1,91,242
1242,231,0.15000000000000002,102,217
1243,265,0.2,73,212
1244,265,0.25,93,200
1245,276,0.30000000000000004,88,185
1246,303,0.35000000000000003,74,161
1247,299,0.4,78,158
1248,315,0.45,75,154
1249,302,0.5,66,169
1250,349,0.55,49,128
1251,349,0.6000000000000001,61,119
1252,374,0.65,45,120
1253,391,0.7000000000000001,37,97
1254,405,0.75,42,72
1255,409,0.8,47,63
1256,407,0.8500000000000001,40,63
1257,435,0.9,26,58
1258,437,0.9500000000000001,28,45
1259,460,1.0,16,35
1260,186,0.0,114,258
1261,205,0.05,120,244
1262,218,0.1,100,242
1263,235,0.15000000000000002,97,228
1264,229,0.2,114,210
1265,247,0.25,109,186
1266,254,0.30000000000000004,86,204
1267,294,0.35000000000000003,90,164
1268,284,0.4,84,172
1269,316,0.45,78,152
1270,331,0.5,69,126
1271,354,0.55,60,119
1272,331,0.6000000000000001,74,130
1273,380,0.65,46,107
1274,382,0.7000000000000001,38,114
1275,402,0.75,42,74
1276,402,0.8,35,88
1277,416,0.8500000000000001,37,64
1278,431,0.9,26,58
1279,437,0.9500000000000001,26,49
1280,453,1.0,20,34
1281,198,0.0,123,242
1282,208,0.05,93,252
1283,232,0.1,112,215
1284,232,0.15000000000000002,105,206
1285,250,0.2,99,215
1286,256,0.25,106,191
1287,284,0.30000000000000004,87,174
1288,286,0.35000000000000003,85,184
1289,290,0.4,82,170
1290,299,0.45,88,142
1291,332,0.5,71,140
1292,328,0.55,71,130
1293,385,0.6000000000000001,50,97
1294,382,0.65,45,96
1295,375,0.7000000000000001,42,102
1296,383,0.75,46,94
1297,416,0.8,38,62
1298,436,0.8500000000000001,24,54
1299,430,0.9,26,58
1300,444,0.9500000000000001,24,45
1301,455,1.0,19,39
1302,203,0.0,127,231
1303,200,0.05,129,217
1304,229,0.1,112,207
1305,213,0.15000000000000002,118,216
1306,231,0.2,107,208
1307,265,0.25,92,193
1308,280,0.30000000000000004,97,170
1309,300,0.35000000000000003,68,171
1310,302,0.4,73,175
1311,327,0.45,72,149
1312,339,0.5,56,145
1313,353,0.55,59,130
1314,356,0.6000000000000001,45,124
1315,378,0.65,49,106
1316,399,0.7000000000000001,41,90
1317,387,0.75,41,98
1318,415,0.8,34,69
1319,417,0.8500000000000001,39,64
1320,435,0.9,35,43
1321,447,0.9500000000000001,22,39
1322,462,1.0,13,29
1323,186,0.0,111,268
1324,221,0.05,109,229
1325,227,0.1,126,199
1326,249,0.15000000000000002,96,216
1327,251,0.2,88,214
1328,254,0.25,101,201
1329,287,0.30000000000000004,95,169
1330,272,0.35000000000000003,78,198
1331,291,0.4,76,176
1332,325,0.45,76,134
1333,307,0.5,79,154
1334,353,0.55,63,131
1335,339,0.6000000000000001,53,143
1336,376,0.65,46,110
1337,366,0.7000000000000001,65,94
1338,387,0.75,48,82
1339,401,0.8,50,65
1340,438,0.8500000000000001,21,62
1341,425,0.9,30,62
1342,457,0.9500000000000001,13,44
1343,449,1.0,19,41
1344,199,0.0,132,235
1345,216,0.05,125,219
1346,234,0.1,102,219
1347,227,0.15000000000000002,108,223
1348,244,0.2,97,209
1349,277,0.25,83,195
1350,280,0.30000000000000004,85,180
1351,281,0.35000000000000003,88,177
1352,292,0.4,96,156
1353,303,0.45,82,157
1354,336,0.5,60,151
1355,342,0.55,62,122
1356,348,0.6000000000000001,53,130
1357,379,0.65,43,106
1358,375,0.7000000000000001,58,94
1359,368,0.75,56,91
1360,404,0.8,37,80
1361,413,0.8500000000000001,48,60
1362,434,0.9,35,43
1363,449,0.9500000000000001,29,31
1364,465,1.0,15,32
1365,208,0.0,118,234
1366,202,0.05,120,236
1367,248,0.1,107,204
1368,229,0.15000000000000002,110,217
1369,250,0.2,106,196
1370,263,0.25,93,186
1371,269,0.30000000000000004,87,192
1372,270,0.35000000000000003,97,170
1373,315,0.4,82,142
1374,323,0.45,64,163
1375,310,0.5,68,160
1376,336,0.55,73,124
1377,366,0.6000000000000001,47,119
1378,376,0.65,57,90
1379,368,0.7000000000000001,57,94
1380,402,0.75,38,81
1381,403,0.8,43,75
1382,427,0.8500000000000001,22,71
1383,434,0.9,26,56
1384,436,0.9500000000000001,26,48
1385,465,1.0,9,43
1386,195,0.0,133,239
1387,199,0.05,121,231
1388,228,0.1,125,206
1389,232,0.15000000000000002,95,223
1390,249,0.2,101,198
1391,282,0.25,78,207
1392,255,0.30000000000000004,99,198
1393,291,0.35000000000000003,89,158
1394,305,0.4,90,144
1395,319,0.45,70,149
1396,337,0.5,63,134
1397,333,0.55,62,146
1398,343,0.6000000000000001,64,128
1399,376,0.65,46,108
1400,382,0.7000000000000001,41,100
1401,405,0.75,41,83
1402,406,0.8,33,85
1403,414,0.8500000000000001,36,72
1404,429,0.9,31,61
1405,432,0.9500000000000001,27,56
1406,461,1.0,18,28
1407,180,0.0,143,243
1408,205,0.05,124,222
1409,203,0.1,112,239
1410,231,0.15000000000000002,113,226
1411,235,0.2,108,212
1412,231,0.25,106,211
1413,251,0.30000000000000004,89,211
1414,273,0.35000000000000003,92,172
1415,318,0.4,80,147
1416,318,0.45,66,146
1417,339,0.5,62,148
1418,334,0.55,75,127
1419,360,0.6000000000000001,57,112
1420,367,0.65,56,97
1421,375,0.7000000000000001,48,101
1422,383,0.75,48,89
1423,414,0.8,38,68
1424,428,0.8500000000000001,25,67
1425,442,0.9,32,35
1426,441,0.9500000000000001,22,48
1427,459,1.0,23,27
1428,196,0.0,116,249
1429,190,0.05,128,245
1430,232,0.1,106,229
1431,225,0.15000000000000002,112,210
1432,268,0.2,94,210
1433,263,0.25,98,186
1434,271,0.30000000000000004,94,181
1435,268,0.35000000000000003,104,162
1436,280,0.4,93,164
1437,314,0.45,86,138
1438,326,0.5,60,153
1439,354,0.55,60,124
1440,359,0.6000000000000001,55,121
1441,379,0.65,36,107
1442,393,0.7000000000000001,46,92
1443,399,0.75,36,84
1444,398,0.8,37,84
1445,420,0.8500000000000001,25,71
1446,438,0.9,23,57
1447,450,0.9500000000000001,18,43
1448,439,1.0,33,37
1449,172,0.0,140,242
1450,213,0.05,112,231
1451,224,0.1,115,215
1452,231,0.15000000000000002,117,208
1453,236,0.2,117,193
1454,256,0.25,97,193
1455,279,0.30000000000000004,94,176
1456,283,0.35000000000000003,92,176
1457,305,0.4,71,166
1458,328,0.45,75,140
1459,328,0.5,69,147
1460,337,0.55,68,124
1461,352,0.6000000000000001,63,113
1462,374,0.65,45,125
1463,370,0.7000000000000001,61,97
1464,393,0.75,43,82
1465,414,0.8,31,81
1466,417,0.8500000000000001,40,62
1467,423,0.9,28,65
1468,443,0.9500000000000001,17,53
1469,467,1.0,18,22
1470,215,0.0,96,259
1471,204,0.05,111,250
1472,207,0.1,110,232
1473,231,0.15000000000000002,96,227
1474,254,0.2,80,220
1475,287,0.25,72,201
1476,269,0.30000000000000004,97,175
1477,296,0.35000000000000003,88,162
1478,287,0.4,93,161
1479,322,0.45,72,141
1480,311,0.5,78,147
1481,336,0.55,56,144
1482,348,0.6000000000000001,69,107
1483,363,0.65,62,108
1484,388,0.7000000000000001,39,105
1485,382,0.75,49,90
1486,421,0.8,34,68
1487,416,0.8500000000000001,34,74
1488,429,0.9,32,49
1489,446,0.9500000000000001,17,49
1490,462,1.0,13,33
1491,201,0.0,119,253
1492,217,0.05,117,240
1493,222,0.1,114,232
1494,245,0.15000000000000002,104,209
1495,268,0.2,94,184
1496,265,0.25,96,185
1497,260,0.30000000000000004,88,201
1498,290,0.35000000000000003,89,165
1499,309,0.4,80,156
1500,318,0.45,56,171
1501,334,0.5,65,135
1502,335,0.55,69,128
1503,353,0.6000000000000001,63,122
1504,361,0.65,53,111
1505,370,0.7000000000000001,54,101
1506,391,0.75,49,81
1507,410,0.8,37,71
1508,415,0.8500000000000001,35,69
1509,421,0.9,33,58
1510,442,0.9500000000000001,26,44
1511,460,1.0,13,34
1512,209,0.0,102,260
1513,204,0.05,121,229
1514,229,0.1,121,202
1515,255,0.15000000000000002,93,203
1516,275,0.2,89,202
1517,259,0.25,97,191
1518,295,0.30000000000000004,75,184
1519,283,0.35000000000000003,91,182
1520,308,0.4,83,163
1521,307,0.45,70,159
1522,331,0.5,75,120
1523,332,0.55,75,126
1524,349,0.6000000000000001,62,125
1525,366,0.65,59,105
1526,392,0.7000000000000001,32,102
1527,385,0.75,45,96
1528,411,0.8,33,80
1529,430,0.8500000000000001,22,60
1530,423,0.9,22,68
1531,449,0.9500000000000001,27,32
1532,453,1.0,22,31
1533,191,0.0,132,243
1534,208,0.05,121,229
1535,229,0.1,111,215
1536,252,0.15000000000000002,96,220
1537,251,0.2,94,210
1538,253,0.25,101,187
1539,289,0.30000000000000004,91,174
1540,292,0.35000000000000003,91,171
1541,295,0.4,78,174
1542,302,0.45,74,161
1543,312,0.5,59,165
1544,337,0.55,63,134
1545,342,0.6000000000000001,74,115
1546,370,0.65,65,91
1547,396,0.7000000000000001,37,85
1548,391,0.75,39,88
1549,414,0.8,35,78
1550,420,0.8500000000000001,38,58
1551,427,0.9,32,57
1552,448,0.9500000000000001,20,41
1553,463,1.0,15,29
1554,186,0.0,115,258
1555,205,0.05,127,231
1556,214,0.1,116,238
1557,236,0.15000000000000002,99,220
1558,244,0.2,106,205
1559,269,0.25,97,187
1560,274,0.30000000000000004,81,201
1561,280,0.35000000000000003,94,178
1562,318,0.4,74,147
1563,310,0.45,72,155
1564,319,0.5,68,142
1565,349,0.55,52,144
1566,368,0.6000000000000001,56,101
1567,357,0.65,67,93
1568,366,0.7000000000000001,48,116
1569,388,0.75,42,97
1570,418,0.8,24,72
1571,422,0.8500000000000001,29,62
1572,427,0.9,33,49
1573,448,0.9500000000000001,15,48
1574,455,1.0,15,40
1575,215,0.0,111,248
1576,213,0.05,121,238
1577,215,0.1,121,208
1578,223,0.15000000000000002,103,229
1579,252,0.2,91,204
1580,284,0.25,74,211
1581,261,0.30000000000000004,93,187
1582,284,0.35000000000000003,92,164
1583,285,0.4,93,167
1584,321,0.45,69,155
1585,339,0.5,67,128
1586,332,0.55,72,121
1587,361,0.6000000000000001,54,119
1588,359,0.65,63,109
1589,372,0.7000000000000001,52,96
1590,389,0.75,50,79
1591,394,0.8,51,72
1592,428,0.8500000000000001,34,53
1593,454,0.9,18,50
1594,439,0.9500000000000001,20,45
1595,474,1.0,6,29
1596,194,0.0,125,248
1597,201,0.05,122,241
1598,225,0.1,104,237
1599,233,0.15000000000000002,103,222
1600,233,0.2,115,206
1601,275,0.25,90,187
1602,267,0.30000000000000004,86,186
1603,266,0.35000000000000003,91,182
1604,275,0.4,82,189
1605,327,0.45,66,142
1606,322,0.5,79,120
1607,331,0.55,70,132
1608,355,0.6000000000000001,61,114
1609,362,0.65,59,102
1610,391,0.7000000000000001,44,83
1611,399,0.75,48,71
1612,397,0.8,34,87
1613,423,0.8500000000000001,24,69
1614,440,0.9,28,50
1615,451,0.9500000000000001,19,51
1616,453,1.0,18,34
1617,194,0.0,129,241
1618,227,0.05,104,244
1619,223,0.1,118,212
1620,235,0.15000000000000002,108,214
1621,244,0.2,111,202
1622,244,0.25,92,209
1623,266,0.30000000000000004,90,189
1624,285,0.35000000000000003,88,175
1625,294,0.4,80,164
1626,312,0.45,72,147
1627,335,0.5,75,140
1628,333,0.55,62,140
1629,354,0.6000000000000001,56,116
1630,358,0.65,59,113
1631,377,0.7000000000000001,47,100
1632,385,0.75,51,85
1633,410,0.8,45,68
1634,419,0.8500000000000001,27,77
1635,440,0.9,20,64
1636,444,0.9500000000000001,22,45
1637,471,1.0,14,22
1638,188,0.0,123,243
1639,183,0.05,135,232
1640,213,0.1,113,230
1641,230,0.15000000000000002,118,221
1642,246,0.2,106,203
1643,261,0.25,100,193
1644,278,0.30000000000000004,95,167
1645,292,0.35000000000000003,94,162
1646,306,0.4,84,146
1647,317,0.45,71,149
1648,320,0.5,73,138
1649,328,0.55,66,134
1650,359,0.6000000000000001,58,110
1651,373,0.65,48,103
1652,380,0.7000000000000001,46,96
1653,400,0.75,39,82
1654,398,0.8,38,83
1655,422,0.8500000000000001,33,68
1656,437,0.9,22,54
1657,451,0.9500000000000001,14,49
1658,451,1.0,24,37
1659,199,0.0,126,241
1660,188,0.05,135,226
1661,236,0.1,116,200
1662,254,0.15000000000000002,107,193
1663,242,0.2,123,186
1664,274,0.25,90,180
1665,268,0.30000000000000004,97,175
1666,292,0.35000000000000003,85,169
1667,325,0.4,65,155
1668,300,0.45,65,168
1669,338,0.5,75,127
1670,347,0.55,68,115
1671,333,0.6000000000000001,67,130
1672,374,0.65,56,98
1673,369,0.7000000000000001,53,100
1674,389,0.75,53,75
1675,402,0.8,44,71
1676,416,0.8500000000000001,35,65
1677,429,0.9,29,52
1678,438,0.9500000000000001,22,52
1679,460,1.0,18,30
1680,183,0.0,124,258
1681,214,0.05,117,233
1682,229,0.1,118,224
1683,224,0.15000000000000002,123,195
1684,263,0.2,90,191
1685,281,0.25,87,189
1686,276,0.30000000000000004,106,163
1687,298,0.35000000000000003,86,165
1688,304,0.4,79,149
1689,314,0.45,80,153
1690,337,0.5,63,139
1691,332,0.55,70,128
1692,355,0.6000000000000001,56,117
1693,359,0.65,57,108
1694,390,0.7000000000000001,51,82
1695,390,0.75,43,93
1696,407,0.8,32,84
1697,413,0.8500000000000001,27,76
1698,427,0.9,33,48
1699,455,0.9500000000000001,17,39
1700,443,1.0,17,49
1701,176,0.0,118,264
1702,200,0.05,111,250
1703,208,0.1,113,238
1704,241,0.15000000000000002,107,199
1705,256,0.2,95,192
1706,259,0.25,114,176
1707,280,0.30000000000000004,88,175
1708,281,0.35000000000000003,86,167
1709,313,0.4,74,151
1710,291,0.45,91,160
1711,316,0.5,82,137
1712,332,0.55,72,124
1713,359,0.6000000000000001,64,116
1714,363,0.65,60,101
1715,374,0.7000000000000001,49,108
1716,413,0.75,32,80
1717,403,0.8,36,79
1718,434,0.8500000000000001,29,54
1719,432,0.9,29,51
1720,440,0.9500000000000001,35,33
1721,465,1.0,8,34
1722,220,0.0,118,236
1723,218,0.05,114,231
1724,227,0.1,107,224
1725,248,0.15000000000000002,113,194
1726,254,0.2,95,210
1727,269,0.25,105,181
1728,282,0.30000000000000004,97,176
1729,292,0.35000000000000003,88,159
1730,301,0.4,70,190
1731,312,0.45,77,153
1732,319,0.5,71,142
1733,319,0.55,78,138
1734,351,0.6000000000000001,65,129
1735,343,0.65,64,115
1736,371,0.7000000000000001,54,101
1737,409,0.75,33,82
1738,414,0.8,32,73
1739,423,0.8500000000000001,32,58
1740,429,0.9,30,53
1741,440,0.9500000000000001,15,55
1742,466,1.0,16,26
1743,183,0.0,130,239
1744,223,0.05,116,207
1745,212,0.1,110,237
1746,209,0.15000000000000002,118,219
1747,244,0.2,100,216
1748,272,0.25,91,190
1749,286,0.30000000000000004,77,196
1750,295,0.35000000000000003,91,152
1751,293,0.4,77,172
1752,316,0.45,80,142
1753,331,0.5,64,144
1754,340,0.55,64,132
1755,346,0.6000000000000001,66,109
1756,355,0.65,63,105
1757,392,0.7000000000000001,45,84
1758,401,0.75,35,101
1759,421,0.8,30,73
1760,418,0.8500000000000001,23,71
1761,415,0.9,34,67
1762,443,0.9500000000000001,21,46
1763,460,1.0,18,29
1764,206,0.0,114,246
1765,195,0.05,117,243
1766,232,0.1,104,226
1767,227,0.15000000000000002,118,207
1768,250,0.2,101,197
1769,275,0.25,94,182
1770,297,0.30000000000000004,77,173
1771,286,0.35000000000000003,88,171
1772,314,0.4,80,149
1773,302,0.45,83,146
1774,312,0.5,79,152
1775,321,0.55,78,132
1776,366,0.6000000000000001,57,105
1777,360,0.65,62,107
1778,380,0.7000000000000001,61,76
1779,404,0.75,31,93
1780,403,0.8,45,69
1781,426,0.8500000000000001,25,70
1782,433,0.9,24,58
1783,448,0.9500000000000001,24,38
1784,458,1.0,15,38
1785,203,0.0,136,234
1786,219,0.05,120,226
1787,228,0.1,117,208
1788,216,0.15000000000000002,105,229
1789,256,0.2,106,197
1790,264,0.25,96,192
1791,287,0.30000000000000004,94,171
1792,282,0.35000000000000003,94,158
1793,317,0.4,73,160
1794,311,0.45,76,162
1795,342,0.5,62,136
1796,330,0.55,75,128
1797,352,0.6000000000000001,53,125
1798,378,0.65,51,96
1799,392,0.7000000000000001,54,86
1800,391,0.75,45,88
1801,402,0.8,35,82
1802,435,0.8500000000000001,28,52
1803,444,0.9,25,46
1804,431,0.9500000000000001,23,53
1805,456,1.0,16,44
1806,191,0.0,120,245
1807,203,0.05,114,232
1808,215,0.1,122,217
1809,224,0.15000000000000002,109,219
1810,266,0.2,88,213
1811,271,0.25,96,192
1812,283,0.30000000000000004,94,164
1813,300,0.35000000000000003,83,162
1814,299,0.4,92,151
1815,325,0.45,55,156
1816,334,0.5,63,135
1817,349,0.55,62,121
1818,344,0.6000000000000001,67,117
1819,343,0.65,56,121
1820,381,0.7000000000000001,44,101
1821,387,0.75,44,88
1822,405,0.8,35,80
1823,410,0.8500000000000001,30,77
1824,435,0.9,34,43
1825,445,0.9500000000000001,17,58
1826,461,1.0,10,33
1827,199,0.0,132,245
1828,215,0.05,117,233
1829,212,0.1,122,212
1830,228,0.15000000000000002,116,210
1831,240,0.2,117,192
1832,251,0.25,91,209
1833,263,0.30000000000000004,108,169
1834,289,0.35000000000000003,75,173
1835,291,0.4,85,168
1836,318,0.45,71,151
1837,314,0.5,83,139
1838,333,0.55,69,134
1839,354,0.6000000000000001,64,109
1840,361,0.65,50,112
1841,382,0.7000000000000001,54,98
1842,397,0.75,39,82
1843,404,0.8,31,82
1844,415,0.8500000000000001,29,76
1845,432,0.9,32,48
1846,440,0.9500000000000001,27,39
1847,461,1.0,13,37
1848,190,0.0,125,249
1849,195,0.05,114,247
1850,219,0.1,121,218
1851,214,0.15000000000000002,115,238
1852,259,0.2,109,191
1853,269,0.25,83,201
1854,259,0.30000000000000004,90,199
1855,310,0.35000000000000003,78,160
1856,312,0.4,75,160
1857,310,0.45,81,145
1858,330,0.5,61,154
1859,354,0.55,62,114
1860,361,0.6000000000000001,61,110
1861,354,0.65,68,96
1862,371,0.7000000000000001,58,96
1863,403,0.75,36,79
1864,401,0.8,43,79
1865,433,0.8500000000000001,25,58
1866,439,0.9,23,53
1867,434,0.9500000000000001,26,51
1868,458,1.0,18,31
1869,213,0.0,98,256
1870,212,0.05,115,238
1871,224,0.1,114,219
1872,243,0.15000000000000002,106,209
1873,253,0.2,95,206
1874,242,0.25,103,214
1875,281,0.30000000000000004,96,167
1876,302,0.35000000000000003,89,155
1877,308,0.4,72,163
1878,310,0.45,85,156
1879,332,0.5,72,134
1880,361,0.55,53,130
1881,353,0.6000000000000001,58,123
1882,363,0.65,57,101
1883,376,0.7000000000000001,50,97
1884,390,0.75,47,86
1885,418,0.8,26,78
1886,415,0.8500000000000001,30,73
1887,437,0.9,24,52
1888,438,0.9500000000000001,30,44
1889,446,1.0,27,41
1890,199,0.0,127,233
1891,219,0.05,118,232
1892,214,0.1,137,205
1893,229,0.15000000000000002,97,240
1894,242,0.2,118,174
1895,282,0.25,96,175
1896,261,0.30000000000000004,104,175
1897,279,0.35000000000000003,82,178
1898,285,0.4,96,158
1899,306,0.45,91,146
1900,334,0.5,67,137
1901,352,0.55,57,133
1902,367,0.6000000000000001,52,116
1903,379,0.65,54,86
1904,382,0.7000000000000001,48,96
1905,395,0.75,39,90
1906,411,0.8,37,78
1907,424,0.8500000000000001,31,63
1908,424,0.9,31,55
1909,460,0.9500000000000001,16,37
1910,456,1.0,16,36
1911,195,0.0,119,248
1912,192,0.05,105,260
1913,229,0.1,96,225
1914,224,0.15000000000000002,88,244
1915,239,0.2,105,215
1916,248,0.25,103,192
1917,268,0.30000000000000004,94,175
1918,305,0.35000000000000003,86,145
1919,307,0.4,92,149
1920,318,0.45,63,163
1921,323,0.5,79,131
1922,327,0.55,68,132
1923,353,0.6000000000000001,59,117
1924,362,0.65,46,113
1925,393,0.7000000000000001,40,85
1926,383,0.75,45,96
1927,414,0.8,30,77
1928,426,0.8500000000000001,37,53
1929,436,0.9,26,53
1930,447,0.9500000000000001,30,34
1931,455,1.0,18,36
1932,193,0.0,140,238
1933,218,0.05,112,237
1934,208,0.1,125,218
1935,244,0.15000000000000002,109,198
1936,241,0.2,93,224
1937,259,0.25,94,189
1938,270,0.30000000000000004,87,187
1939,279,0.35000000000000003,98,164
1940,294,0.4,86,156
1941,296,0.45,83,162
1942,329,0.5,68,143
1943,328,0.55,68,128
1944,345,0.6000000000000001,66,113
1945,373,0.65,48,109
1946,386,0.7000000000000001,49,102
1947,369,0.75,63,84
1948,409,0.8,35,75
1949,422,0.8500000000000001,37,65
1950,432,0.9,25,55
1951,438,0.9500000000000001,27,41
1952,458,1.0,19,31
1953,189,0.0,121,258
1954,222,0.05,112,236
1955,234,0.1,99,228
1956,234,0.15000000000000002,98,220
1957,219,0.2,110,222
1958,254,0.25,98,189
1959,279,0.30000000000000004,95,176
1960,305,0.35000000000000003,79,157
1961,287,0.4,83,164
1962,316,0.45,68,155
1963,321,0.5,70,144
1964,339,0.55,52,137
1965,351,0.6000000000000001,70,113
1966,374,0.65,57,93
1967,387,0.7000000000000001,46,103
1968,404,0.75,41,75
1969,390,0.8,46,82
1970,400,0.8500000000000001,43,72
1971,438,0.9,19,53
1972,442,0.9500000000000001,24,47
1973,470,1.0,15,25
1974,196,0.0,128,236
1975,203,0.05,113,241
1976,229,0.1,125,204
1977,236,0.15000000000000002,106,210
1978,240,0.2,111,202
1979,274,0.25,95,184
1980,274,0.30000000000000004,87,185
1981,278,0.35000000000000003,86,180
1982,301,0.4,84,149
1983,332,0.45,61,148
1984,349,0.5,67,124
1985,324,0.55,86,114
1986,340,0.6000000000000001,68,119
1987,371,0.65,54,104
1988,372,0.7000000000000001,42,113
1989,396,0.75,40,80
1990,408,0.8,31,84
1991,425,0.8500000000000001,30,72
1992,429,0.9,28,56
1993,460,0.9500000000000001,16,32
1994,461,1.0,21,28
1995,211,0.0,122,251
1996,203,0.05,125,228
1997,204,0.1,138,218
1998,241,0.15000000000000002,102,205
1999,260,0.2,97,202
2000,262,0.25,80,209
2001,274,0.30000000000000004,93,182
2002,283,0.35000000000000003,91,168
2003,299,0.4,80,158
2004,315,0.45,74,148
2005,332,0.5,81,119
2006,329,0.55,66,137
2007,343,0.6000000000000001,66,121
2008,364,0.65,57,106
2009,384,0.7000000000000001,48,89
2010,402,0.75,42,83
2011,410,0.8,36,73
2012,409,0.8500000000000001,42,63
2013,430,0.9,25,62
2014,439,0.9500000000000001,23,50
2015,452,1.0,19,41
2016,202,0.0,121,246
2017,173,0.05,122,251
2018,215,0.1,133,199
2019,226,0.15000000000000002,104,228
2020,256,0.2,84,220
2021,264,0.25,106,191
2022,271,0.30000000000000004,80,193
2023,274,0.35000000000000003,99,155
2024,325,0.4,56,160
2025,323,0.45,77,145
2026,345,0.5,64,134
2027,359,0.55,49,135
2028,352,0.6000000000000001,54,128
2029,370,0.65,53,104
2030,395,0.7000000000000001,47,90
2031,403,0.75,38,80
2032,396,0.8,49,74
2033,417,0.8500000000000001,34,65
2034,428,0.9,27,59
2035,449,0.9500000000000001,22,43
2036,467,1.0,12,33
2037,208,0.0,118,248
2038,228,0.05,110,235
2039,212,0.1,111,244
2040,213,0.15000000000000002,126,214
2041,273,0.2,91,190
2042,260,0.25,119,173
2043,260,0.30000000000000004,94,179
2044,283,0.35000000000000003,87,178
2045,309,0.4,80,145
2046,319,0.45,68,165
2047,329,0.5,69,143
2048,363,0.55,48,130
2049,354,0.6000000000000001,64,110
2050,361,0.65,56,105
2051,356,0.7000000000000001,60,102
2052,386,0.75,55,82
2053,416,0.8,35,65
2054,417,0.8500000000000001,34,69
2055,433,0.9,25,56
2056,441,0.9500000000000001,27,46
2057,451,1.0,21,32
2058,181,0.0,128,244
2059,204,0.05,124,228
2060,212,0.1,112,227
2061,244,0.15000000000000002,96,227
2062,244,0.2,89,219
2063,279,0.25,92,185
2064,268,0.30000000000000004,108,174
2065,258,0.35000000000000003,99,195
2066,281,0.4,81,179
2067,292,0.45,77,170
2068,331,0.5,68,140
2069,334,0.55,69,126
2070,344,0.6000000000000001,68,113
2071,362,0.65,46,121
2072,382,0.7000000000000001,49,88
2073,394,0.75,45,88
2074,391,0.8,45,84
2075,418,0.8500000000000001,35,61
2076,443,0.9,20,57
2077,449,0.9500000000000001,25,29
2078,459,1.0,20,31
2079,184,0.0,116,252
2080,203,0.05,116,249
2081,211,0.1,125,213
2082,247,0.15000000000000002,110,201
2083,238,0.2,119,197
2084,266,0.25,101,185
2085,271,0.30000000000000004,87,188
2086,287,0.35000000000000003,92,165
2087,309,0.4,84,145
2088,321,0.45,72,159
2089,319,0.5,83,139
2090,342,0.55,59,134
2091,343,0.6000000000000001,59,124
2092,361,0.65,51,127
2093,371,0.7000000000000001,65,93
2094,380,0.75,55,94
2095,407,0.8,39,71
2096,411,0.8500000000000001,33,70
2097,433,0.9,21,60
2098,439,0.9500000000000001,23,55
2099,472,1.0,12,24
