,BH_NS,N_alive,N_dead,N_trans
0,0.0,101,47,352
1,0.1,132,36,332
2,0.2,168,33,299
3,0.30000000000000004,213,26,261
4,0.4,249,23,228
5,0.5,275,21,204
6,0.6000000000000001,323,16,161
7,0.7000000000000001,356,14,130
8,0.8,388,10,102
9,0.9,417,6,77
10,1.0,455,0,45
11,0.0,80,57,363
12,0.1,136,39,325
13,0.2,174,28,298
14,0.30000000000000004,214,37,249
15,0.4,254,21,225
16,0.5,278,17,205
17,0.6000000000000001,328,19,153
18,0.7000000000000001,353,11,136
19,0.8,384,9,107
20,0.9,407,4,89
21,1.0,456,0,44
22,0.0,96,39,365
23,0.1,134,44,322
24,0.2,174,33,293
25,0.30000000000000004,207,29,264
26,0.4,222,18,260
27,0.5,270,27,203
28,0.6000000000000001,322,16,162
29,0.7000000000000001,352,8,140
30,0.8,375,9,116
31,0.9,426,1,73
32,1.0,454,0,46
33,0.0,101,44,355
34,0.1,137,46,317
35,0.2,167,38,295
36,0.30000000000000004,198,31,271
37,0.4,251,27,222
38,0.5,302,21,177
39,0.6000000000000001,317,20,163
40,0.7000000000000001,342,14,144
41,0.8,383,10,107
42,0.9,404,6,90
43,1.0,455,1,44
44,0.0,109,43,348
45,0.1,153,38,309
46,0.2,177,23,300
47,0.30000000000000004,215,35,250
48,0.4,236,33,231
49,0.5,264,31,205
50,0.6000000000000001,307,20,173
51,0.7000000000000001,359,16,125
52,0.8,401,4,95
53,0.9,402,5,93
54,1.0,460,0,40
55,0.0,101,45,354
56,0.1,155,30,315
57,0.2,165,44,291
58,0.30000000000000004,234,26,240
59,0.4,238,25,237
60,0.5,292,18,190
61,0.6000000000000001,310,18,172
62,0.7000000000000001,357,16,127
63,0.8,398,7,95
64,0.9,422,3,75
65,1.0,448,0,52
66,0.0,113,44,343
67,0.1,136,37,327
68,0.2,178,31,291
69,0.30000000000000004,222,22,256
70,0.4,240,26,234
71,0.5,294,20,186
72,0.6000000000000001,321,14,165
73,0.7000000000000001,348,13,139
74,0.8,384,10,106
75,0.9,432,5,63
76,1.0,466,0,34
77,0.0,91,38,371
78,0.1,144,27,329
79,0.2,158,28,314
80,0.30000000000000004,204,29,267
81,0.4,261,21,218
82,0.5,279,19,202
83,0.6000000000000001,312,17,171
84,0.7000000000000001,355,10,135
85,0.8,398,5,97
86,0.9,423,4,73
87,1.0,460,0,40
88,0.0,106,34,360
89,0.1,138,48,314
90,0.2,181,37,282
91,0.30000000000000004,212,27,261
92,0.4,244,21,235
93,0.5,268,19,213
94,0.6000000000000001,325,14,161
95,0.7000000000000001,348,10,142
96,0.8,401,7,92
97,0.9,434,2,64
98,1.0,456,0,44
99,0.0,99,32,369
100,0.1,137,36,327
101,0.2,174,39,287
102,0.30000000000000004,200,30,270
103,0.4,232,34,234
104,0.5,295,20,185
105,0.6000000000000001,311,16,173
106,0.7000000000000001,335,21,144
107,0.8,391,5,104
108,0.9,426,2,72
109,1.0,460,0,40
110,0.0,95,46,359
111,0.1,150,41,309
112,0.2,174,32,294
113,0.30000000000000004,209,29,262
114,0.4,253,24,223
115,0.5,289,19,192
116,0.6000000000000001,323,12,165
117,0.7000000000000001,361,8,131
118,0.8,417,2,81
119,0.9,432,4,64
120,1.0,455,0,45
121,0.0,117,35,348
122,0.1,140,36,324
123,0.2,191,39,270
124,0.30000000000000004,215,28,257
125,0.4,242,30,228
126,0.5,261,19,220
127,0.6000000000000001,334,13,153
128,0.7000000000000001,357,15,128
129,0.8,391,8,101
130,0.9,424,5,71
131,1.0,453,0,47
132,0.0,101,49,350
133,0.1,138,35,327
134,0.2,163,37,300
135,0.30000000000000004,221,25,254
136,0.4,246,27,227
137,0.5,288,25,187
138,0.6000000000000001,323,17,160
139,0.7000000000000001,360,12,128
140,0.8,393,8,99
141,0.9,427,2,71
142,1.0,455,0,45
143,0.0,87,39,374
144,0.1,142,49,309
145,0.2,193,26,281
146,0.30000000000000004,204,27,269
147,0.4,262,28,210
148,0.5,276,14,210
149,0.6000000000000001,314,14,172
150,0.7000000000000001,350,10,140
151,0.8,399,7,94
152,0.9,434,0,66
153,1.0,463,0,37
154,0.0,118,38,344
155,0.1,139,45,316
156,0.2,177,33,290
157,0.30000000000000004,213,22,265
158,0.4,225,33,242
159,0.5,272,29,199
160,0.6000000000000001,300,14,186
161,0.7000000000000001,352,13,135
162,0.8,391,11,98
163,0.9,421,4,75
164,1.0,451,0,49
165,0.0,92,44,364
166,0.1,161,38,301
167,0.2,175,24,301
168,0.30000000000000004,237,38,225
169,0.4,244,24,232
170,0.5,281,22,197
171,0.6000000000000001,332,15,153
172,0.7000000000000001,351,12,137
173,0.8,393,12,95
174,0.9,424,3,73
175,1.0,458,0,42
176,0.0,94,38,368
177,0.1,146,47,307
178,0.2,171,32,297
179,0.30000000000000004,216,30,254
180,0.4,244,18,238
181,0.5,287,18,195
182,0.6000000000000001,316,12,172
183,0.7000000000000001,351,13,136
184,0.8,393,6,101
185,0.9,431,3,66
186,1.0,470,0,30
187,0.0,89,43,368
188,0.1,143,42,315
189,0.2,172,34,294
190,0.30000000000000004,216,22,262
191,0.4,250,27,223
192,0.5,285,14,201
193,0.6000000000000001,325,12,163
194,0.7000000000000001,351,10,139
195,0.8,391,12,97
196,0.9,416,3,81
197,1.0,468,0,32
198,0.0,109,36,355
199,0.1,142,35,323
200,0.2,186,36,278
201,0.30000000000000004,207,20,273
202,0.4,239,20,241
203,0.5,290,16,194
204,0.6000000000000001,283,17,200
205,0.7000000000000001,339,11,150
206,0.8,372,9,119
207,0.9,419,5,76
208,1.0,460,0,40
209,0.0,96,43,361
210,0.1,145,40,315
211,0.2,177,28,295
212,0.30000000000000004,212,26,262
213,0.4,212,19,269
214,0.5,283,30,187
215,0.6000000000000001,320,16,164
216,0.7000000000000001,341,10,149
217,0.8,400,9,91
218,0.9,415,3,82
219,1.0,466,0,34
220,0.0,116,46,338
221,0.1,137,41,322
222,0.2,191,31,278
223,0.30000000000000004,203,31,266
224,0.4,248,22,230
225,0.5,282,18,200
226,0.6000000000000001,309,19,172
227,0.7000000000000001,365,13,122
228,0.8,374,14,112
229,0.9,429,4,67
230,1.0,455,0,45
231,0.0,88,35,377
232,0.1,146,34,320
233,0.2,173,29,298
234,0.30000000000000004,206,46,248
235,0.4,246,26,228
236,0.5,274,20,206
237,0.6000000000000001,316,23,161
238,0.7000000000000001,342,15,143
239,0.8,384,9,107
240,0.9,445,1,54
241,1.0,455,0,45
242,0.0,103,44,353
243,0.1,134,33,333
244,0.2,184,33,283
245,0.30000000000000004,185,48,267
246,0.4,237,26,237
247,0.5,295,21,184
248,0.6000000000000001,303,28,169
249,0.7000000000000001,340,10,150
250,0.8,399,9,92
251,0.9,421,6,73
252,1.0,454,0,46
253,0.0,92,38,370
254,0.1,120,39,341
255,0.2,169,34,297
256,0.30000000000000004,194,25,281
257,0.4,222,30,248
258,0.5,279,12,209
259,0.6000000000000001,332,15,153
260,0.7000000000000001,347,14,139
261,0.8,403,5,92
262,0.9,430,4,66
263,1.0,471,0,29
264,0.0,92,55,353
265,0.1,141,40,319
266,0.2,179,28,293
267,0.30000000000000004,195,31,274
268,0.4,254,24,222
269,0.5,275,21,204
270,0.6000000000000001,336,16,148
271,0.7000000000000001,357,10,133
272,0.8,388,11,101
273,0.9,425,6,69
274,1.0,463,0,37
275,0.0,77,45,378
276,0.1,139,39,322
277,0.2,180,39,281
278,0.30000000000000004,214,25,261
279,0.4,245,22,233
280,0.5,271,17,212
281,0.6000000000000001,307,18,175
282,0.7000000000000001,336,16,148
283,0.8,405,7,88
284,0.9,435,2,63
285,1.0,462,0,38
286,0.0,110,45,345
287,0.1,128,35,337
288,0.2,175,29,296
289,0.30000000000000004,195,34,271
290,0.4,245,16,239
291,0.5,290,23,187
292,0.6000000000000001,317,14,169
293,0.7000000000000001,357,12,131
294,0.8,388,13,99
295,0.9,425,5,70
296,1.0,459,0,41
297,0.0,102,58,340
298,0.1,151,41,308
299,0.2,180,33,287
300,0.30000000000000004,220,18,262
301,0.4,248,30,222
302,0.5,281,19,200
303,0.6000000000000001,303,17,180
304,0.7000000000000001,374,9,117
305,0.8,401,8,91
306,0.9,420,5,75
307,1.0,469,0,31
308,0.0,106,51,343
309,0.1,134,37,329
310,0.2,180,38,282
311,0.30000000000000004,229,23,248
312,0.4,243,24,233
313,0.5,262,21,217
314,0.6000000000000001,320,18,162
315,0.7000000000000001,358,17,125
316,0.8,382,7,111
317,0.9,411,6,83
318,1.0,456,0,44
319,0.0,101,41,358
320,0.1,140,41,319
321,0.2,162,32,306
322,0.30000000000000004,208,31,261
323,0.4,221,30,249
324,0.5,297,16,187
325,0.6000000000000001,320,16,164
326,0.7000000000000001,351,14,135
327,0.8,385,9,106
328,0.9,427,8,65
329,1.0,462,0,38
330,0.0,103,44,353
331,0.1,150,48,302
332,0.2,188,37,275
333,0.30000000000000004,225,35,240
334,0.4,249,20,231
335,0.5,290,26,184
336,0.6000000000000001,308,19,173
337,0.7000000000000001,352,16,132
338,0.8,380,9,111
339,0.9,408,8,84
340,1.0,460,0,40
341,0.0,107,39,354
342,0.1,153,24,323
343,0.2,169,32,299
344,0.30000000000000004,222,31,247
345,0.4,240,27,233
346,0.5,269,21,210
347,0.6000000000000001,334,17,149
348,0.7000000000000001,346,15,139
349,0.8,375,12,113
350,0.9,417,3,80
351,1.0,461,0,39
352,0.0,110,48,342
353,0.1,128,33,339
354,0.2,159,43,298
355,0.30000000000000004,212,32,256
356,0.4,249,20,231
357,0.5,285,20,195
358,0.6000000000000001,332,7,161
359,0.7000000000000001,343,10,147
360,0.8,378,5,117
361,0.9,433,5,62
362,1.0,464,0,36
363,0.0,88,42,370
364,0.1,140,43,317
365,0.2,170,38,292
366,0.30000000000000004,219,28,253
367,0.4,239,24,237
368,0.5,284,18,198
369,0.6000000000000001,324,17,159
370,0.7000000000000001,355,14,131
371,0.8,397,9,94
372,0.9,421,3,76
373,1.0,471,0,29
374,0.0,111,40,349
375,0.1,120,56,324
376,0.2,167,46,287
377,0.30000000000000004,213,32,255
378,0.4,246,33,221
379,0.5,275,23,202
380,0.6000000000000001,321,15,164
381,0.7000000000000001,338,11,151
382,0.8,388,6,106
383,0.9,417,2,81
384,1.0,460,0,40
385,0.0,111,42,347
386,0.1,137,36,327
387,0.2,167,43,290
388,0.30000000000000004,240,16,244
389,0.4,250,27,223
390,0.5,281,19,200
391,0.6000000000000001,334,12,154
392,0.7000000000000001,352,7,141
393,0.8,388,12,100
394,0.9,412,8,80
395,1.0,455,0,45
396,0.0,108,33,359
397,0.1,153,34,313
398,0.2,176,30,294
399,0.30000000000000004,200,33,267
400,0.4,239,36,225
401,0.5,294,22,184
402,0.6000000000000001,309,14,177
403,0.7000000000000001,357,13,130
404,0.8,371,7,122
405,0.9,427,4,69
406,1.0,461,0,39
407,0.0,87,47,366
408,0.1,138,36,326
409,0.2,170,37,293
410,0.30000000000000004,193,35,272
411,0.4,248,17,235
412,0.5,285,18,197
413,0.6000000000000001,328,17,155
414,0.7000000000000001,365,9,126
415,0.8,377,16,107
416,0.9,433,5,62
417,1.0,467,0,33
418,0.0,119,56,325
419,0.1,128,34,338
420,0.2,164,35,301
421,0.30000000000000004,217,27,256
422,0.4,269,20,211
423,0.5,293,22,185
424,0.6000000000000001,301,20,179
425,0.7000000000000001,359,17,124
426,0.8,373,5,122
427,0.9,435,6,59
428,1.0,460,0,40
429,0.0,111,36,353
430,0.1,129,37,334
431,0.2,184,27,289
432,0.30000000000000004,210,25,265
433,0.4,247,16,237
434,0.5,288,26,186
435,0.6000000000000001,303,12,185
436,0.7000000000000001,367,8,125
437,0.8,389,9,102
438,0.9,422,4,74
439,1.0,450,0,50
440,0.0,100,50,350
441,0.1,148,44,308
442,0.2,170,36,294
443,0.30000000000000004,221,21,258
444,0.4,250,20,230
445,0.5,277,22,201
446,0.6000000000000001,329,14,157
447,0.7000000000000001,355,14,131
448,0.8,377,7,116
449,0.9,421,6,73
450,1.0,461,0,39
451,0.0,115,41,344
452,0.1,127,40,333
453,0.2,174,30,296
454,0.30000000000000004,220,33,247
455,0.4,237,19,244
456,0.5,286,26,188
457,0.6000000000000001,306,14,180
458,0.7000000000000001,343,8,149
459,0.8,403,11,86
460,0.9,431,5,64
461,1.0,460,0,40
462,0.0,111,38,351
463,0.1,132,43,325
464,0.2,169,35,296
465,0.30000000000000004,198,25,277
466,0.4,260,23,217
467,0.5,294,22,184
468,0.6000000000000001,313,25,162
469,0.7000000000000001,349,14,137
470,0.8,399,5,96
471,0.9,422,4,74
472,1.0,456,0,44
473,0.0,94,34,372
474,0.1,152,26,322
475,0.2,176,28,296
476,0.30000000000000004,214,29,257
477,0.4,220,30,250
478,0.5,262,21,217
479,0.6000000000000001,315,19,166
480,0.7000000000000001,362,14,124
481,0.8,390,8,102
482,0.9,434,3,63
483,1.0,468,0,32
484,0.0,102,29,369
485,0.1,135,38,327
486,0.2,175,34,291
487,0.30000000000000004,196,21,283
488,0.4,246,25,229
489,0.5,281,17,202
490,0.6000000000000001,327,10,163
491,0.7000000000000001,353,11,136
492,0.8,377,11,112
493,0.9,438,4,58
494,1.0,480,0,20
495,0.0,110,39,351
496,0.1,132,52,316
497,0.2,170,28,302
498,0.30000000000000004,194,30,276
499,0.4,235,25,240
500,0.5,287,20,193
501,0.6000000000000001,307,14,179
502,0.7000000000000001,353,12,135
503,0.8,387,7,106
504,0.9,430,6,64
505,1.0,451,0,49
506,0.0,111,37,352
507,0.1,127,42,331
508,0.2,183,36,281
509,0.30000000000000004,213,23,264
510,0.4,266,24,210
511,0.5,270,21,209
512,0.6000000000000001,326,13,161
513,0.7000000000000001,357,6,137
514,0.8,388,8,104
515,0.9,398,5,97
516,1.0,465,0,35
517,0.0,99,48,353
518,0.1,149,43,308
519,0.2,177,31,292
520,0.30000000000000004,221,31,248
521,0.4,256,26,218
522,0.5,264,15,221
523,0.6000000000000001,315,15,170
524,0.7000000000000001,347,13,140
525,0.8,407,4,89
526,0.9,420,2,78
527,1.0,451,0,49
528,0.0,102,40,358
529,0.1,128,45,327
530,0.2,173,32,295
531,0.30000000000000004,192,36,272
532,0.4,243,28,229
533,0.5,273,21,206
534,0.6000000000000001,335,29,136
535,0.7000000000000001,343,14,143
536,0.8,383,13,104
537,0.9,418,5,77
538,1.0,458,0,42
539,0.0,97,52,351
540,0.1,139,39,322
541,0.2,175,36,289
542,0.30000000000000004,208,23,269
543,0.4,263,20,217
544,0.5,279,23,198
545,0.6000000000000001,316,15,169
546,0.7000000000000001,345,8,147
547,0.8,381,4,115
548,0.9,422,8,70
549,1.0,462,0,38
550,0.0,106,35,359
551,0.1,122,32,346
552,0.2,171,39,290
553,0.30000000000000004,211,31,258
554,0.4,247,24,229
555,0.5,286,30,184
556,0.6000000000000001,323,19,158
557,0.7000000000000001,351,10,139
558,0.8,403,6,91
559,0.9,421,3,76
560,1.0,457,0,43
561,0.0,116,36,348
562,0.1,144,54,302
563,0.2,178,28,294
564,0.30000000000000004,226,25,249
565,0.4,242,35,223
566,0.5,278,21,201
567,0.6000000000000001,310,12,178
568,0.7000000000000001,364,10,126
569,0.8,409,7,84
570,0.9,425,5,70
571,1.0,458,0,42
572,0.0,113,43,344
573,0.1,130,35,335
574,0.2,180,25,295
575,0.30000000000000004,194,21,285
576,0.4,248,29,223
577,0.5,273,20,207
578,0.6000000000000001,332,18,150
579,0.7000000000000001,358,13,129
580,0.8,395,6,99
581,0.9,428,5,67
582,1.0,459,0,41
583,0.0,111,43,346
584,0.1,153,37,310
585,0.2,184,37,279
586,0.30000000000000004,210,32,258
587,0.4,229,19,252
588,0.5,274,27,199
589,0.6000000000000001,301,12,187
590,0.7000000000000001,359,8,133
591,0.8,383,10,107
592,0.9,418,5,77
593,1.0,467,0,33
594,0.0,113,46,341
595,0.1,155,39,306
596,0.2,183,35,282
597,0.30000000000000004,216,33,251
598,0.4,246,26,228
599,0.5,282,21,197
600,0.6000000000000001,324,14,162
601,0.7000000000000001,364,8,128
602,0.8,399,15,86
603,0.9,419,2,79
604,1.0,452,0,48
605,0.0,115,33,352
606,0.1,147,36,317
607,0.2,162,34,304
608,0.30000000000000004,189,38,273
609,0.4,239,20,241
610,0.5,269,21,210
611,0.6000000000000001,316,16,168
612,0.7000000000000001,351,9,140
613,0.8,383,8,109
614,0.9,412,4,84
615,1.0,455,0,45
616,0.0,107,42,351
617,0.1,133,46,321
618,0.2,191,30,279
619,0.30000000000000004,218,17,265
620,0.4,244,22,234
621,0.5,279,23,198
622,0.6000000000000001,306,22,172
623,0.7000000000000001,353,12,135
624,0.8,382,4,114
625,0.9,432,5,63
626,1.0,452,0,48
627,0.0,96,41,363
628,0.1,136,31,333
629,0.2,176,34,290
630,0.30000000000000004,210,26,264
631,0.4,252,25,223
632,0.5,274,22,204
633,0.6000000000000001,333,24,143
634,0.7000000000000001,356,14,130
635,0.8,391,11,98
636,0.9,417,9,74
637,1.0,455,0,45
638,0.0,114,38,348
639,0.1,133,46,321
640,0.2,176,42,282
641,0.30000000000000004,235,25,240
642,0.4,250,31,219
643,0.5,269,17,214
644,0.6000000000000001,324,15,161
645,0.7000000000000001,348,10,142
646,0.8,379,9,112
647,0.9,422,3,75
648,1.0,466,0,34
649,0.0,96,50,354
650,0.1,144,34,322
651,0.2,184,33,283
652,0.30000000000000004,193,26,281
653,0.4,252,25,223
654,0.5,286,20,194
655,0.6000000000000001,302,14,184
656,0.7000000000000001,349,15,136
657,0.8,390,15,95
658,0.9,434,2,64
659,1.0,460,0,40
660,0.0,112,35,353
661,0.1,146,33,321
662,0.2,170,27,303
663,0.30000000000000004,219,30,251
664,0.4,238,22,240
665,0.5,258,24,218
666,0.6000000000000001,320,18,162
667,0.7000000000000001,352,15,133
668,0.8,392,9,99
669,0.9,425,6,69
670,1.0,452,0,48
671,0.0,111,40,349
672,0.1,132,34,334
673,0.2,190,30,280
674,0.30000000000000004,215,34,251
675,0.4,229,27,244
676,0.5,260,21,219
677,0.6000000000000001,317,14,169
678,0.7000000000000001,373,9,118
679,0.8,381,12,107
680,0.9,426,4,70
681,1.0,456,0,44
682,0.0,112,34,354
683,0.1,150,28,322
684,0.2,167,34,299
685,0.30000000000000004,207,32,261
686,0.4,241,32,227
687,0.5,286,18,196
688,0.6000000000000001,312,18,170
689,0.7000000000000001,363,16,121
690,0.8,391,10,99
691,0.9,427,9,64
692,1.0,458,0,42
693,0.0,97,39,364
694,0.1,133,48,319
695,0.2,169,39,292
696,0.30000000000000004,218,37,245
697,0.4,243,22,235
698,0.5,285,15,200
699,0.6000000000000001,317,16,167
700,0.7000000000000001,364,9,127
701,0.8,389,6,105
702,0.9,419,7,74
703,1.0,463,0,37
704,0.0,120,36,344
705,0.1,137,34,329
706,0.2,162,34,304
707,0.30000000000000004,204,19,277
708,0.4,248,34,218
709,0.5,271,23,206
710,0.6000000000000001,320,22,158
711,0.7000000000000001,333,15,152
712,0.8,390,7,103
713,0.9,419,7,74
714,1.0,456,0,44
715,0.0,113,49,338
716,0.1,136,35,329
717,0.2,160,38,302
718,0.30000000000000004,214,27,259
719,0.4,234,31,235
720,0.5,278,27,195
721,0.6000000000000001,320,15,165
722,0.7000000000000001,345,12,143
723,0.8,407,6,87
724,0.9,421,8,71
725,1.0,460,0,40
726,0.0,94,44,362
727,0.1,157,40,303
728,0.2,184,27,289
729,0.30000000000000004,242,28,230
730,0.4,235,27,238
731,0.5,300,14,186
732,0.6000000000000001,330,20,150
733,0.7000000000000001,369,11,120
734,0.8,385,6,109
735,0.9,417,6,77
736,1.0,458,0,42
737,0.0,112,35,353
738,0.1,138,32,330
739,0.2,185,26,289
740,0.30000000000000004,202,36,262
741,0.4,247,34,219
742,0.5,282,14,204
743,0.6000000000000001,311,24,165
744,0.7000000000000001,355,6,139
745,0.8,395,7,98
746,0.9,427,6,67
747,1.0,461,0,39
748,0.0,91,32,377
749,0.1,129,38,333
750,0.2,177,39,284
751,0.30000000000000004,203,31,266
752,0.4,248,23,229
753,0.5,272,26,202
754,0.6000000000000001,322,21,157
755,0.7000000000000001,338,10,152
756,0.8,393,8,99
757,0.9,427,3,70
758,1.0,460,0,40
759,0.0,114,33,353
760,0.1,149,34,317
761,0.2,179,44,277
762,0.30000000000000004,210,20,270
763,0.4,244,26,230
764,0.5,279,15,206
765,0.6000000000000001,316,21,163
766,0.7000000000000001,357,17,126
767,0.8,374,9,117
768,0.9,419,1,80
769,1.0,452,0,48
770,0.0,113,39,348
771,0.1,133,42,325
772,0.2,182,29,289
773,0.30000000000000004,195,36,269
774,0.4,244,37,219
775,0.5,265,22,213
776,0.6000000000000001,315,11,174
777,0.7000000000000001,368,10,122
778,0.8,388,12,100
779,0.9,430,4,66
780,1.0,464,0,36
781,0.0,94,40,366
782,0.1,141,39,320
783,0.2,166,35,299
784,0.30000000000000004,212,22,266
785,0.4,241,26,233
786,0.5,279,37,184
787,0.6000000000000001,313,16,171
788,0.7000000000000001,348,11,141
789,0.8,395,9,96
790,0.9,423,5,72
791,1.0,454,0,46
792,0.0,97,51,352
793,0.1,146,33,321
794,0.2,165,32,303
795,0.30000000000000004,197,27,276
796,0.4,259,21,220
797,0.5,292,28,180
798,0.6000000000000001,293,15,192
799,0.7000000000000001,350,10,140
800,0.8,390,11,99
801,0.9,426,5,69
802,1.0,454,0,46
803,0.0,106,35,359
804,0.1,150,34,316
805,0.2,171,34,295
806,0.30000000000000004,216,30,254
807,0.4,248,15,237
808,0.5,280,24,196
809,0.6000000000000001,315,24,161
810,0.7000000000000001,357,16,127
811,0.8,386,9,105
812,0.9,430,4,66
813,1.0,466,0,34
814,0.0,115,34,351
815,0.1,128,43,329
816,0.2,166,33,301
817,0.30000000000000004,215,22,263
818,0.4,238,26,236
819,0.5,286,22,192
820,0.6000000000000001,317,20,163
821,0.7000000000000001,347,19,134
822,0.8,399,15,86
823,0.9,433,1,66
824,1.0,453,0,47
825,0.0,111,46,343
826,0.1,140,39,321
827,0.2,166,39,295
828,0.30000000000000004,209,28,263
829,0.4,237,27,236
830,0.5,285,19,196
831,0.6000000000000001,316,12,172
832,0.7000000000000001,326,12,162
833,0.8,401,6,93
834,0.9,416,2,82
835,1.0,461,0,39
836,0.0,122,37,341
837,0.1,148,46,306
838,0.2,174,36,290
839,0.30000000000000004,210,30,260
840,0.4,263,19,218
841,0.5,278,24,198
842,0.6000000000000001,312,20,168
843,0.7000000000000001,351,18,131
844,0.8,385,10,105
845,0.9,419,5,76
846,1.0,458,0,42
847,0.0,105,45,350
848,0.1,135,31,334
849,0.2,172,40,288
850,0.30000000000000004,232,28,240
851,0.4,233,30,237
852,0.5,266,19,215
853,0.6000000000000001,327,15,158
854,0.7000000000000001,352,14,134
855,0.8,375,11,114
856,0.9,419,6,75
857,1.0,462,0,38
858,0.0,108,38,354
859,0.1,147,36,317
860,0.2,169,34,297
861,0.30000000000000004,227,29,244
862,0.4,245,22,233
863,0.5,288,23,189
864,0.6000000000000001,313,17,170
865,0.7000000000000001,365,15,120
866,0.8,393,7,100
867,0.9,412,3,85
868,1.0,457,0,43
869,0.0,99,53,348
870,0.1,133,41,326
871,0.2,164,37,299
872,0.30000000000000004,222,20,258
873,0.4,237,17,246
874,0.5,304,20,176
875,0.6000000000000001,312,22,166
876,0.7000000000000001,348,13,139
877,0.8,385,14,101
878,0.9,419,8,73
879,1.0,458,0,42
880,0.0,94,62,344
881,0.1,143,34,323
882,0.2,160,38,302
883,0.30000000000000004,208,34,258
884,0.4,260,20,220
885,0.5,277,24,199
886,0.6000000000000001,321,17,162
887,0.7000000000000001,364,9,127
888,0.8,392,9,99
889,0.9,425,8,67
890,1.0,471,1,28
891,0.0,99,43,358
892,0.1,152,29,319
893,0.2,179,29,292
894,0.30000000000000004,202,26,272
895,0.4,234,25,241
896,0.5,285,21,194
897,0.6000000000000001,308,18,174
898,0.7000000000000001,373,11,116
899,0.8,395,7,98
900,0.9,425,7,68
901,1.0,467,0,33
902,0.0,113,30,357
903,0.1,143,33,324
904,0.2,169,37,294
905,0.30000000000000004,178,32,290
906,0.4,248,29,223
907,0.5,268,21,211
908,0.6000000000000001,324,13,163
909,0.7000000000000001,338,17,145
910,0.8,386,9,105
911,0.9,434,6,60
912,1.0,454,0,46
913,0.0,119,48,333
914,0.1,131,37,332
915,0.2,193,38,269
916,0.30000000000000004,197,32,271
917,0.4,259,21,220
918,0.5,280,20,200
919,0.6000000000000001,319,17,164
920,0.7000000000000001,349,12,139
921,0.8,387,10,103
922,0.9,422,4,74
923,1.0,454,0,46
924,0.0,107,40,353
925,0.1,138,45,317
926,0.2,176,34,290
927,0.30000000000000004,217,27,256
928,0.4,231,28,241
929,0.5,272,28,200
930,0.6000000000000001,322,17,161
931,0.7000000000000001,348,12,140
932,0.8,384,9,107
933,0.9,433,1,66
934,1.0,451,0,49
935,0.0,98,50,352
936,0.1,162,40,298
937,0.2,168,48,284
938,0.30000000000000004,212,27,261
939,0.4,243,29,228
940,0.5,282,15,203
941,0.6000000000000001,303,19,178
942,0.7000000000000001,358,15,127
943,0.8,373,14,113
944,0.9,439,6,55
945,1.0,457,0,43
946,0.0,100,37,363
947,0.1,140,46,314
948,0.2,172,42,286
949,0.30000000000000004,213,22,265
950,0.4,234,22,244
951,0.5,269,24,207
952,0.6000000000000001,322,27,151
953,0.7000000000000001,362,7,131
954,0.8,398,4,98
955,0.9,424,3,73
956,1.0,462,0,38
957,0.0,98,47,355
958,0.1,143,32,325
959,0.2,153,47,300
960,0.30000000000000004,216,32,252
961,0.4,259,26,215
962,0.5,297,19,184
963,0.6000000000000001,318,22,160
964,0.7000000000000001,360,11,129
965,0.8,402,11,87
966,0.9,405,4,91
967,1.0,459,0,41
968,0.0,111,34,355
969,0.1,153,28,319
970,0.2,175,31,294
971,0.30000000000000004,209,31,260
972,0.4,236,31,233
973,0.5,272,29,199
974,0.6000000000000001,306,15,179
975,0.7000000000000001,337,18,145
976,0.8,410,8,82
977,0.9,415,2,83
978,1.0,462,0,38
979,0.0,99,51,350
980,0.1,127,42,331
981,0.2,190,26,284
982,0.30000000000000004,215,17,268
983,0.4,243,26,231
984,0.5,295,17,188
985,0.6000000000000001,324,12,164
986,0.7000000000000001,330,16,154
987,0.8,387,12,101
988,0.9,430,2,68
989,1.0,464,0,36
990,0.0,108,42,350
991,0.1,154,42,304
992,0.2,173,32,295
993,0.30000000000000004,194,34,272
994,0.4,239,26,235
995,0.5,285,27,188
996,0.6000000000000001,300,23,177
997,0.7000000000000001,342,9,149
998,0.8,401,6,93
999,0.9,425,4,71
1000,1.0,468,0,32
1001,0.0,103,39,358
1002,0.1,136,34,330
1003,0.2,184,33,283
1004,0.30000000000000004,205,26,269
1005,0.4,264,30,206
1006,0.5,274,20,206
1007,0.6000000000000001,318,14,168
1008,0.7000000000000001,335,12,153
1009,0.8,393,8,99
1010,0.9,429,3,68
1011,1.0,465,0,35
1012,0.0,103,49,348
1013,0.1,138,35,327
1014,0.2,157,51,292
1015,0.30000000000000004,203,40,257
1016,0.4,245,21,234
1017,0.5,301,25,174
1018,0.6000000000000001,322,17,161
1019,0.7000000000000001,342,10,148
1020,0.8,380,7,113
1021,0.9,424,2,74
1022,1.0,463,0,37
1023,0.0,92,44,364
1024,0.1,129,27,344
1025,0.2,176,37,287
1026,0.30000000000000004,210,29,261
1027,0.4,227,21,252
1028,0.5,299,11,190
1029,0.6000000000000001,312,12,176
1030,0.7000000000000001,350,14,136
1031,0.8,373,11,116
1032,0.9,432,4,64
1033,1.0,453,0,47
1034,0.0,111,42,347
1035,0.1,159,32,309
1036,0.2,148,42,310
1037,0.30000000000000004,204,30,266
1038,0.4,243,27,230
1039,0.5,283,17,200
1040,0.6000000000000001,324,20,156
1041,0.7000000000000001,367,13,120
1042,0.8,380,9,111
1043,0.9,417,10,73
1044,1.0,465,0,35
1045,0.0,100,55,345
1046,0.1,127,39,334
1047,0.2,175,34,291
1048,0.30000000000000004,216,19,265
1049,0.4,235,29,236
1050,0.5,268,27,205
1051,0.6000000000000001,317,17,166
1052,0.7000000000000001,344,8,148
1053,0.8,393,6,101
1054,0.9,440,6,54
1055,1.0,463,0,37
1056,0.0,89,36,375
1057,0.1,148,39,313
1058,0.2,166,33,301
1059,0.30000000000000004,208,28,264
1060,0.4,250,25,225
1061,0.5,290,19,191
1062,0.6000000000000001,312,15,173
1063,0.7000000000000001,364,10,126
1064,0.8,386,17,97
1065,0.9,417,6,77
1066,1.0,463,0,37
1067,0.0,98,54,348
1068,0.1,136,39,325
1069,0.2,185,28,287
1070,0.30000000000000004,210,22,268
1071,0.4,264,15,221
1072,0.5,278,19,203
1073,0.6000000000000001,304,19,177
1074,0.7000000000000001,352,12,136
1075,0.8,404,12,84
1076,0.9,437,2,61
1077,1.0,467,0,33
1078,0.0,86,40,374
1079,0.1,136,40,324
1080,0.2,188,41,271
1081,0.30000000000000004,195,43,262
1082,0.4,253,25,222
1083,0.5,257,28,215
1084,0.6000000000000001,322,25,153
1085,0.7000000000000001,361,12,127
1086,0.8,389,10,101
1087,0.9,418,6,76
1088,1.0,460,0,40
1089,0.0,108,44,348
1090,0.1,121,36,343
1091,0.2,175,28,297
1092,0.30000000000000004,216,25,259
1093,0.4,260,23,217
1094,0.5,259,15,226
1095,0.6000000000000001,321,13,166
1096,0.7000000000000001,342,19,139
1097,0.8,388,6,106
1098,0.9,421,3,76
1099,1.0,462,0,38
