,alive,observed,ratio,inclination,dincl
58-30.0-75.94,413,1000,0.413,75.94,30.0
139-45.0-39.48,878,1000,0.878,39.48,45.0
119-30.0-25.64,642,1000,0.642,25.64,30.0
163-25.0-39.98,224,1000,0.224,39.98,25.0
100-40.0-23.29,753,1000,0.753,23.29,40.0
66-45.0-84.17,602,1000,0.602,84.17,45.0
46-20.0-56.9,339,1000,0.339,56.9,20.0
160-30.0-18.37,508,1000,0.508,18.37,30.0
64-20.0-17.8,335,1000,0.335,17.8,20.0
96-25.0-72.63,140,1000,0.14,72.63,25.0
199-40.0-52.2,586,1000,0.586,52.2,40.0
218-15.0-34.58,459,1000,0.459,34.58,15.0
97-35.0-22.7,606,1000,0.606,22.7,35.0
169-40.0-57.57,141,1000,0.141,57.57,40.0
151-20.0-18.64,777,1000,0.777,18.64,20.0
152-35.0-42.86,245,1000,0.245,42.86,35.0
70-15.0-17.45,334,1000,0.334,17.45,15.0
30-40.0-19.45,691,1000,0.691,19.45,40.0
1-35.0-38.4,189,1000,0.189,38.4,35.0
134-35.0-38.67,419,1000,0.419,38.67,35.0
4-25.0-70.14,473,1000,0.473,70.14,25.0
14-30.0-26.17,279,1000,0.279,26.17,30.0
157-45.0-51.25,155,1000,0.155,51.25,45.0
152-30.0-42.9,190,1000,0.19,42.9,30.0
97-30.0-16.42,698,1000,0.698,16.42,30.0
128-35.0-0.71,743,1000,0.743,0.71,35.0
23-45.0-37.46,739,1000,0.739,37.46,45.0
40-45.0-80.58,200,1000,0.2,80.58,45.0
226-20.0-50.44,363,1000,0.363,50.44,20.0
126-20.0-21.65,663,1000,0.663,21.65,20.0
82-40.0-23.54,834,1000,0.834,23.54,40.0
71-30.0-87.09,322,1000,0.322,87.09,30.0
41-25.0-16.69,239,1000,0.239,16.69,25.0
192-5.0-13.19,149,1000,0.149,13.19,5.0
197-40.0-52.11,430,1000,0.43,52.11,40.0
0-15.0-42.41,806,1000,0.806,42.41,15.0
43-45.0-5.73,884,1000,0.884,5.73,45.0
170-30.0-23.15,493,1000,0.493,23.15,30.0
84-40.0-24.62,198,1000,0.198,24.62,40.0
64-10.0-12.24,302,1000,0.302,12.24,10.0
169-25.0-8.62,690,1000,0.69,8.62,25.0
188-45.0-32.65,447,1000,0.447,32.65,45.0
57-45.0-64.76,212,1000,0.212,64.76,45.0
138-35.0-61.71,374,1000,0.374,61.71,35.0
129-15.0-31.98,727,1000,0.727,31.98,15.0
170-40.0-39.67,331,1000,0.331,39.67,40.0
21-40.0-30.08,322,1000,0.322,30.08,40.0
68-35.0-43.07,471,1000,0.471,43.07,35.0
72-25.0-27.69,859,1000,0.859,27.69,25.0
46-35.0-32.37,620,1000,0.62,32.37,35.0
156-35.0-4.08,195,1000,0.195,4.08,35.0
89-45.0-45.61,153,1000,0.153,45.61,45.0
36-20.0-3.45,275,1000,0.275,3.45,20.0
136-40.0-1.75,279,1000,0.279,1.75,40.0
139-35.0-77.49,765,1000,0.765,77.49,35.0
38-30.0-24.06,670,1000,0.67,24.06,30.0
1-10.0-9.2,492,1000,0.492,9.2,10.0
2-25.0-61.61,316,1000,0.316,61.61,25.0
203-15.0-40.7,409,1000,0.409,40.7,15.0
17-40.0-84.09,176,1000,0.176,84.09,40.0
177-20.0-51.57,409,1000,0.409,51.57,20.0
96-20.0-50.46,502,1000,0.502,50.46,20.0
221-15.0-59.45,208,1000,0.208,59.45,15.0
84-35.0-22.08,223,1000,0.223,22.08,35.0
117-40.0-37.82,720,1000,0.72,37.82,40.0
51-25.0-12.32,215,1000,0.215,12.32,25.0
71-15.0-57.58,706,1000,0.706,57.58,15.0
189-40.0-36.91,359,1000,0.359,36.91,40.0
204-25.0-51.76,88,1000,0.088,51.76,25.0
215-25.0-43.27,184,1000,0.184,43.27,25.0
51-40.0-43.14,100,1000,0.1,43.14,40.0
172-25.0-89.14,71,1000,0.071,89.14,25.0
186-45.0-43.23,508,1000,0.508,43.23,45.0
100-25.0-30.11,865,1000,0.865,30.11,25.0
7-40.0-24.21,700,1000,0.7,24.21,40.0
16-40.0-37.97,235,1000,0.235,37.97,40.0
25-35.0-44.35,421,1000,0.421,44.35,35.0
28-30.0-63.11,536,1000,0.536,63.11,30.0
222-40.0-41.15,348,1000,0.348,41.15,40.0
99-35.0-4.99,129,1000,0.129,4.99,35.0
33-25.0-16.14,922,1000,0.922,16.14,25.0
118-40.0-34.04,499,1000,0.499,34.04,40.0
209-20.0-13.13,434,1000,0.434,13.13,20.0
48-20.0-11.06,526,1000,0.526,11.06,20.0
148-15.0-40.64,264,1000,0.264,40.64,15.0
142-30.0-11.3,425,1000,0.425,11.3,30.0
90-25.0-20.97,301,1000,0.301,20.97,25.0
122-20.0-2.54,249,1000,0.249,2.54,20.0
110-25.0-38.34,295,1000,0.295,38.34,25.0
162-40.0-56.56,324,1000,0.324,56.56,40.0
155-45.0-3.07,88,1000,0.088,3.07,45.0
103-35.0-26.5,464,1000,0.464,26.5,35.0
34-15.0-48.16,440,1000,0.44,48.16,15.0
200-25.0-30.96,664,1000,0.664,30.96,25.0
49-35.0-64.22,292,1000,0.292,64.22,35.0
159-35.0-38.39,508,1000,0.508,38.39,35.0
179-40.0-20.18,594,1000,0.594,20.18,40.0
151-40.0-70.67,65,1000,0.065,70.67,40.0
76-30.0-49.79,349,1000,0.349,49.79,30.0
43-30.0-73.2,121,1000,0.121,73.2,30.0
115-35.0-24.3,173,1000,0.173,24.3,35.0
48-30.0-4.97,298,1000,0.298,4.97,30.0
32-40.0-47.56,469,1000,0.469,47.56,40.0
145-25.0-19.76,166,1000,0.166,19.76,25.0
52-45.0-77.54,177,1000,0.177,77.54,45.0
33-15.0-27.17,852,1000,0.852,27.17,15.0
98-10.0-38.39,493,1000,0.493,38.39,10.0
215-45.0-52.28,269,1000,0.269,52.28,45.0
58-10.0-57.23,873,1000,0.873,57.23,10.0
85-15.0-52.71,873,1000,0.873,52.71,15.0
42-20.0-21.49,281,1000,0.281,21.49,20.0
183-35.0-73.75,129,1000,0.129,73.75,35.0
38-35.0-53.79,325,1000,0.325,53.79,35.0
90-45.0-45.78,190,1000,0.19,45.78,45.0
179-45.0-5.15,537,1000,0.537,5.15,45.0
110-40.0-25.57,474,1000,0.474,25.57,40.0
56-40.0-11.93,139,1000,0.139,11.93,40.0
15-45.0-60.73,358,1000,0.358,60.73,45.0
201-25.0-11.49,803,1000,0.803,11.49,25.0
86-30.0-49.63,456,1000,0.456,49.63,30.0
91-15.0-56.32,687,1000,0.687,56.32,15.0
75-20.0-39.82,535,1000,0.535,39.82,20.0
188-15.0-20.48,658,1000,0.658,20.48,15.0
158-20.0-25.17,546,1000,0.546,25.17,20.0
194-35.0-33.72,186,1000,0.186,33.72,35.0
223-20.0-3.59,168,1000,0.168,3.59,20.0
219-25.0-3.45,897,1000,0.897,3.45,25.0
197-20.0-30.72,762,1000,0.762,30.72,20.0
34-30.0-25.43,768,1000,0.768,25.43,30.0
158-25.0-42.93,270,1000,0.27,42.93,25.0
42-35.0-1.75,178,1000,0.178,1.75,35.0
199-25.0-70.19,431,1000,0.431,70.19,25.0
112-40.0-6.6,135,1000,0.135,6.6,40.0
145-40.0-21.17,67,1000,0.067,21.17,40.0
89-30.0-7.19,183,1000,0.183,7.19,30.0
201-40.0-24.0,549,1000,0.549,24.0,40.0
130-20.0-61.38,482,1000,0.482,61.38,20.0
124-30.0-4.23,149,1000,0.149,4.23,30.0
197-30.0-23.12,789,1000,0.789,23.12,30.0
213-45.0-64.75,22,1000,0.022,64.75,45.0
80-30.0-19.69,737,1000,0.737,19.69,30.0
134-40.0-65.6,138,1000,0.138,65.6,40.0
116-35.0-58.4,366,1000,0.366,58.4,35.0
162-25.0-14.07,905,1000,0.905,14.07,25.0
20-45.0-52.82,36,1000,0.036,52.82,45.0
183-30.0-62.23,242,1000,0.242,62.23,30.0
70-25.0-6.28,327,1000,0.327,6.28,25.0
224-30.0-8.99,175,1000,0.175,8.99,30.0
6-45.0-52.45,390,1000,0.39,52.45,45.0
163-40.0-17.16,416,1000,0.416,17.16,40.0
55-20.0-13.28,364,1000,0.364,13.28,20.0
206-40.0-50.34,252,1000,0.252,50.34,40.0
72-20.0-53.08,427,1000,0.427,53.08,20.0
171-25.0-0.85,290,1000,0.29,0.85,25.0
51-20.0-22.08,231,1000,0.231,22.08,20.0
189-15.0-21.28,489,1000,0.489,21.28,15.0
94-40.0-35.03,285,1000,0.285,35.03,40.0
41-20.0-25.9,88,1000,0.088,25.9,20.0
222-25.0-8.55,816,1000,0.816,8.55,25.0
1-45.0-50.02,120,1000,0.12,50.02,45.0
114-35.0-15.51,613,1000,0.613,15.51,35.0
204-40.0-57.66,219,1000,0.219,57.66,40.0
91-45.0-82.44,546,1000,0.546,82.44,45.0
78-25.0-28.42,163,1000,0.163,28.42,25.0
86-45.0-48.89,420,1000,0.42,48.89,45.0
25-20.0-48.5,271,1000,0.271,48.5,20.0
189-25.0-27.33,414,1000,0.414,27.33,25.0
209-45.0-5.81,130,1000,0.13,5.81,45.0
50-45.0-24.35,637,1000,0.637,24.35,45.0
14-40.0-36.33,225,1000,0.225,36.33,40.0
121-10.0-60.5,436,1000,0.436,60.5,10.0
91-25.0-65.17,490,1000,0.49,65.17,25.0
219-45.0-65.09,141,1000,0.141,65.09,45.0
28-45.0-86.75,668,1000,0.668,86.75,45.0
171-45.0-35.86,302,1000,0.302,35.86,45.0
24-15.0-47.74,475,1000,0.475,47.74,15.0
172-45.0-79.42,521,1000,0.521,79.42,45.0
90-30.0-7.16,182,1000,0.182,7.16,30.0
217-40.0-60.53,234,1000,0.234,60.53,40.0
90-10.0-15.5,192,1000,0.192,15.5,10.0
74-20.0-35.01,651,1000,0.651,35.01,20.0
102-25.0-6.19,163,1000,0.163,6.19,25.0
134-45.0-29.11,513,1000,0.513,29.11,45.0
9-30.0-17.64,216,1000,0.216,17.64,30.0
72-45.0-5.6,918,1000,0.918,5.6,45.0
182-15.0-29.91,592,1000,0.592,29.91,15.0
223-40.0-20.98,86,1000,0.086,20.98,40.0
88-35.0-31.16,596,1000,0.596,31.16,35.0
209-35.0-28.82,275,1000,0.275,28.82,35.0
173-30.0-68.41,256,1000,0.256,68.41,30.0
78-40.0-45.96,53,1000,0.053,45.96,40.0
17-25.0-65.0,304,1000,0.304,65.0,25.0
22-45.0-38.52,262,1000,0.262,38.52,45.0
66-40.0-82.18,506,1000,0.506,82.18,40.0
72-10.0-51.07,406,1000,0.406,51.07,10.0
193-30.0-55.68,511,1000,0.511,55.68,30.0
23-20.0-63.82,511,1000,0.511,63.82,20.0
130-45.0-62.36,504,1000,0.504,62.36,45.0
24-40.0-8.81,919,1000,0.919,8.81,40.0
27-25.0-28.82,678,1000,0.678,28.82,25.0
224-40.0-2.08,131,1000,0.131,2.08,40.0
107-15.0-16.63,221,1000,0.221,16.63,15.0
8-30.0-34.27,654,1000,0.654,34.27,30.0
135-35.0-80.75,178,1000,0.178,80.75,35.0
51-30.0-8.91,176,1000,0.176,8.91,30.0
143-20.0-89.43,499,1000,0.499,89.43,20.0
218-45.0-47.78,382,1000,0.382,47.78,45.0
204-35.0-19.12,568,1000,0.568,19.12,35.0
113-35.0-37.91,562,1000,0.562,37.91,35.0
87-40.0-10.23,923,1000,0.923,10.23,40.0
124-25.0-6.25,165,1000,0.165,6.25,25.0
214-45.0-33.24,296,1000,0.296,33.24,45.0
108-45.0-22.21,535,1000,0.535,22.21,45.0
116-45.0-3.91,926,1000,0.926,3.91,45.0
8-45.0-79.44,257,1000,0.257,79.44,45.0
166-30.0-65.77,330,1000,0.33,65.77,30.0
73-45.0-54.68,380,1000,0.38,54.68,45.0
10-20.0-74.65,302,1000,0.302,74.65,20.0
15-5.0-42.84,487,1000,0.487,42.84,5.0
172-35.0-58.65,541,1000,0.541,58.65,35.0
206-45.0-45.1,356,1000,0.356,45.1,45.0
164-40.0-60.88,495,1000,0.495,60.88,40.0
15-25.0-32.11,663,1000,0.663,32.11,25.0
15-40.0-58.21,382,1000,0.382,58.21,40.0
188-40.0-38.44,391,1000,0.391,38.44,40.0
163-20.0-34.09,270,1000,0.27,34.09,20.0
74-45.0-15.31,740,1000,0.74,15.31,45.0
225-35.0-8.36,816,1000,0.816,8.36,35.0
53-5.0-35.32,70,1000,0.07,35.32,5.0
67-45.0-23.37,911,1000,0.911,23.37,45.0
203-45.0-78.69,122,1000,0.122,78.69,45.0
122-40.0-23.64,130,1000,0.13,23.64,40.0
83-10.0-2.2,894,1000,0.894,2.2,10.0
40-30.0-62.73,314,1000,0.314,62.73,30.0
201-30.0-36.98,408,1000,0.408,36.98,30.0
35-45.0-5.22,914,1000,0.914,5.22,45.0
91-40.0-29.46,903,1000,0.903,29.46,40.0
186-35.0-45.98,429,1000,0.429,45.98,35.0
98-25.0-54.43,260,1000,0.26,54.43,25.0
215-40.0-59.41,155,1000,0.155,59.41,40.0
142-5.0-12.63,676,1000,0.676,12.63,5.0
62-20.0-63.33,181,1000,0.181,63.33,20.0
161-45.0-1.03,683,1000,0.683,1.03,45.0
197-35.0-58.76,355,1000,0.355,58.76,35.0
125-45.0-29.51,165,1000,0.165,29.51,45.0
85-40.0-39.05,757,1000,0.757,39.05,40.0
101-45.0-12.52,88,1000,0.088,12.52,45.0
116-40.0-54.22,412,1000,0.412,54.22,40.0
54-35.0-15.83,881,1000,0.881,15.83,35.0
47-40.0-75.63,45,1000,0.045,75.63,40.0
18-15.0-56.61,250,1000,0.25,56.61,15.0
115-10.0-13.52,260,1000,0.26,13.52,10.0
105-10.0-15.07,333,1000,0.333,15.07,10.0
100-45.0-66.13,372,1000,0.372,66.13,45.0
87-20.0-43.19,580,1000,0.58,43.19,20.0
169-45.0-31.44,463,1000,0.463,31.44,45.0
34-45.0-46.2,506,1000,0.506,46.2,45.0
74-10.0-34.12,924,1000,0.924,34.12,10.0
159-45.0-25.02,583,1000,0.583,25.02,45.0
165-40.0-30.48,870,1000,0.87,30.48,40.0
16-30.0-22.34,333,1000,0.333,22.34,30.0
152-45.0-19.66,316,1000,0.316,19.66,45.0
77-30.0-74.52,435,1000,0.435,74.52,30.0
120-20.0-52.27,595,1000,0.595,52.27,20.0
115-45.0-22.95,128,1000,0.128,22.95,45.0
167-40.0-39.69,384,1000,0.384,39.69,40.0
92-15.0-29.01,521,1000,0.521,29.01,15.0
191-35.0-23.79,117,1000,0.117,23.79,35.0
162-45.0-25.88,575,1000,0.575,25.88,45.0
88-25.0-42.35,509,1000,0.509,42.35,25.0
73-35.0-32.61,579,1000,0.579,32.61,35.0
6-25.0-29.61,656,1000,0.656,29.61,25.0
196-35.0-28.21,492,1000,0.492,28.21,35.0
135-45.0-35.57,623,1000,0.623,35.57,45.0
46-25.0-42.79,571,1000,0.571,42.79,25.0
216-25.0-5.92,790,1000,0.79,5.92,25.0
34-40.0-75.33,236,1000,0.236,75.33,40.0
86-20.0-54.46,323,1000,0.323,54.46,20.0
222-35.0-49.96,277,1000,0.277,49.96,35.0
121-40.0-37.27,666,1000,0.666,37.27,40.0
53-25.0-40.92,350,1000,0.35,40.92,25.0
173-25.0-61.67,324,1000,0.324,61.67,25.0
52-40.0-60.58,302,1000,0.302,60.58,40.0
195-5.0-0.27,808,1000,0.808,0.27,5.0
119-45.0-67.54,253,1000,0.253,67.54,45.0
41-45.0-30.02,114,1000,0.114,30.02,45.0
53-45.0-30.21,453,1000,0.453,30.21,45.0
147-15.0-28.93,507,1000,0.507,28.93,15.0
158-30.0-48.11,272,1000,0.272,48.11,30.0
40-25.0-63.23,264,1000,0.264,63.23,25.0
203-30.0-58.25,231,1000,0.231,58.25,30.0
218-10.0-37.03,377,1000,0.377,37.03,10.0
85-20.0-64.52,497,1000,0.497,64.52,20.0
150-35.0-78.66,609,1000,0.609,78.66,35.0
222-20.0-12.87,810,1000,0.81,12.87,20.0
59-30.0-88.23,467,1000,0.467,88.23,30.0
2-40.0-57.51,398,1000,0.398,57.51,40.0
38-40.0-6.97,841,1000,0.841,6.97,40.0
68-10.0-38.79,614,1000,0.614,38.79,10.0
101-25.0-17.12,246,1000,0.246,17.12,25.0
182-20.0-36.75,448,1000,0.448,36.75,20.0
116-10.0-45.85,507,1000,0.507,45.85,10.0
173-35.0-58.62,415,1000,0.415,58.62,35.0
172-30.0-61.41,525,1000,0.525,61.41,30.0
82-45.0-71.6,362,1000,0.362,71.6,45.0
202-35.0-3.48,224,1000,0.224,3.48,35.0
136-35.0-21.68,425,1000,0.425,21.68,35.0
5-35.0-36.92,204,1000,0.204,36.92,35.0
18-40.0-51.26,467,1000,0.467,51.26,40.0
64-35.0-18.99,149,1000,0.149,18.99,35.0
199-35.0-54.73,569,1000,0.569,54.73,35.0
21-30.0-5.18,264,1000,0.264,5.18,30.0
110-30.0-25.92,464,1000,0.464,25.92,30.0
49-20.0-32.31,714,1000,0.714,32.31,20.0
117-20.0-45.54,783,1000,0.783,45.54,20.0
99-25.0-10.38,191,1000,0.191,10.38,25.0
103-5.0-18.75,915,1000,0.915,18.75,5.0
42-40.0-5.79,127,1000,0.127,5.79,40.0
220-35.0-18.23,678,1000,0.678,18.23,35.0
53-35.0-57.3,210,1000,0.21,57.3,35.0
57-20.0-25.41,558,1000,0.558,25.41,20.0
92-35.0-46.31,312,1000,0.312,46.31,35.0
64-30.0-18.18,206,1000,0.206,18.18,30.0
55-40.0-27.4,148,1000,0.148,27.4,40.0
142-40.0-22.62,341,1000,0.341,22.62,40.0
155-35.0-35.33,199,1000,0.199,35.33,35.0
15-35.0-56.08,393,1000,0.393,56.08,35.0
63-10.0-9.87,392,1000,0.392,9.87,10.0
221-35.0-74.85,239,1000,0.239,74.85,35.0
102-40.0-20.7,104,1000,0.104,20.7,40.0
13-30.0-69.52,197,1000,0.197,69.52,30.0
18-45.0-8.2,872,1000,0.872,8.2,45.0
10-40.0-49.64,596,1000,0.596,49.64,40.0
142-35.0-42.56,212,1000,0.212,42.56,35.0
157-30.0-30.84,258,1000,0.258,30.84,30.0
58-35.0-79.21,375,1000,0.375,79.21,35.0
31-35.0-10.03,122,1000,0.122,10.03,35.0
206-20.0-31.78,359,1000,0.359,31.78,20.0
162-10.0-33.97,620,1000,0.62,33.97,10.0
88-15.0-35.94,676,1000,0.676,35.94,15.0
203-40.0-68.48,181,1000,0.181,68.48,40.0
122-25.0-6.08,200,1000,0.2,6.08,25.0
48-35.0-41.25,178,1000,0.178,41.25,35.0
103-40.0-58.15,152,1000,0.152,58.15,40.0
113-5.0-46.86,273,1000,0.273,46.86,5.0
138-45.0-88.49,254,1000,0.254,88.49,45.0
125-20.0-14.26,382,1000,0.382,14.26,20.0
200-10.0-37.52,691,1000,0.691,37.52,10.0
158-15.0-16.92,796,1000,0.796,16.92,15.0
40-15.0-37.22,745,1000,0.745,37.22,15.0
146-30.0-12.88,162,1000,0.162,12.88,30.0
73-30.0-18.5,779,1000,0.779,18.5,30.0
90-35.0-12.48,164,1000,0.164,12.48,35.0
45-35.0-33.78,219,1000,0.219,33.78,35.0
92-20.0-23.62,588,1000,0.588,23.62,20.0
130-35.0-67.31,448,1000,0.448,67.31,35.0
120-40.0-53.12,544,1000,0.544,53.12,40.0
143-35.0-64.35,614,1000,0.614,64.35,35.0
148-30.0-50.18,255,1000,0.255,50.18,30.0
113-30.0-32.12,653,1000,0.653,32.12,30.0
210-40.0-12.33,256,1000,0.256,12.33,40.0
65-25.0-22.84,268,1000,0.268,22.84,25.0
2-45.0-53.67,454,1000,0.454,53.67,45.0
182-40.0-25.86,546,1000,0.546,25.86,40.0
182-45.0-27.19,561,1000,0.561,27.19,45.0
193-35.0-75.45,306,1000,0.306,75.45,35.0
10-35.0-74.23,383,1000,0.383,74.23,35.0
77-40.0-56.74,604,1000,0.604,56.74,40.0
24-10.0-36.73,935,1000,0.935,36.73,10.0
117-10.0-53.5,754,1000,0.754,53.5,10.0
43-40.0-73.73,235,1000,0.235,73.73,40.0
81-40.0-4.38,165,1000,0.165,4.38,40.0
88-30.0-67.41,186,1000,0.186,67.41,30.0
189-20.0-39.58,146,1000,0.146,39.58,20.0
182-25.0-51.36,256,1000,0.256,51.36,25.0
164-30.0-55.42,564,1000,0.564,55.42,30.0
217-35.0-55.19,228,1000,0.228,55.19,35.0
178-40.0-25.01,307,1000,0.307,25.01,40.0
180-20.0-15.83,468,1000,0.468,15.83,20.0
189-45.0-54.2,220,1000,0.22,54.2,45.0
192-40.0-39.57,205,1000,0.205,39.57,40.0
29-35.0-27.03,213,1000,0.213,27.03,35.0
169-30.0-42.95,264,1000,0.264,42.95,30.0
6-35.0-43.8,465,1000,0.465,43.8,35.0
3-35.0-40.46,622,1000,0.622,40.46,35.0
58-40.0-35.9,819,1000,0.819,35.9,40.0
145-30.0-28.61,157,1000,0.157,28.61,30.0
185-45.0-42.86,233,1000,0.233,42.86,45.0
25-45.0-24.97,571,1000,0.571,24.97,45.0
194-30.0-11.74,92,1000,0.092,11.74,30.0
54-10.0-52.61,216,1000,0.216,52.61,10.0
31-5.0-9.78,196,1000,0.196,9.78,5.0
97-15.0-31.23,506,1000,0.506,31.23,15.0
80-45.0-30.21,564,1000,0.564,30.21,45.0
167-35.0-19.18,580,1000,0.58,19.18,35.0
166-45.0-26.01,691,1000,0.691,26.01,45.0
67-40.0-85.11,490,1000,0.49,85.11,40.0
96-40.0-67.64,369,1000,0.369,67.64,40.0
86-40.0-20.26,708,1000,0.708,20.26,40.0
0-20.0-51.69,540,1000,0.54,51.69,20.0
35-30.0-18.12,979,1000,0.979,18.12,30.0
11-30.0-13.76,987,1000,0.987,13.76,30.0
13-45.0-22.52,687,1000,0.687,22.52,45.0
107-45.0-32.7,107,1000,0.107,32.7,45.0
74-30.0-43.09,524,1000,0.524,43.09,30.0
119-25.0-43.27,393,1000,0.393,43.27,25.0
26-45.0-88.3,602,1000,0.602,88.3,45.0
26-35.0-74.87,404,1000,0.404,74.87,35.0
181-30.0-31.6,131,1000,0.131,31.6,30.0
161-25.0-51.94,282,1000,0.282,51.94,25.0
24-45.0-33.02,593,1000,0.593,33.02,45.0
95-40.0-18.5,228,1000,0.228,18.5,40.0
16-15.0-1.15,527,1000,0.527,1.15,15.0
91-20.0-56.02,668,1000,0.668,56.02,20.0
179-35.0-60.93,163,1000,0.163,60.93,35.0
214-35.0-2.81,248,1000,0.248,2.81,35.0
161-40.0-48.05,426,1000,0.426,48.05,40.0
30-45.0-85.33,53,1000,0.053,85.33,45.0
144-40.0-2.41,207,1000,0.207,2.41,40.0
176-25.0-6.98,147,1000,0.147,6.98,25.0
189-35.0-29.12,410,1000,0.41,29.12,35.0
156-20.0-15.72,390,1000,0.39,15.72,20.0
127-40.0-3.2,153,1000,0.153,3.2,40.0
83-40.0-14.24,212,1000,0.212,14.24,40.0
171-15.0-2.42,594,1000,0.594,2.42,15.0
84-10.0-0.33,838,1000,0.838,0.33,10.0
196-30.0-23.78,527,1000,0.527,23.78,30.0
30-15.0-44.12,407,1000,0.407,44.12,15.0
152-40.0-14.15,364,1000,0.364,14.15,40.0
99-10.0-15.9,103,1000,0.103,15.9,10.0
170-25.0-28.38,407,1000,0.407,28.38,25.0
158-40.0-4.0,511,1000,0.511,4.0,40.0
14-20.0-16.98,326,1000,0.326,16.98,20.0
195-30.0-2.05,90,1000,0.09,2.05,30.0
50-25.0-41.62,513,1000,0.513,41.62,25.0
151-30.0-8.28,826,1000,0.826,8.28,30.0
28-25.0-50.62,767,1000,0.767,50.62,25.0
133-30.0-29.86,188,1000,0.188,29.86,30.0
190-25.0-74.69,139,1000,0.139,74.69,25.0
189-30.0-46.06,180,1000,0.18,46.06,30.0
29-15.0-9.63,434,1000,0.434,9.63,15.0
11-5.0-43.21,516,1000,0.516,43.21,5.0
67-35.0-46.91,670,1000,0.67,46.91,35.0
159-20.0-36.5,530,1000,0.53,36.5,20.0
142-25.0-5.32,446,1000,0.446,5.32,25.0
123-5.0-22.85,654,1000,0.654,22.85,5.0
92-45.0-71.59,99,1000,0.099,71.59,45.0
180-15.0-14.49,460,1000,0.46,14.49,15.0
120-35.0-88.87,243,1000,0.243,88.87,35.0
146-45.0-16.25,89,1000,0.089,16.25,45.0
84-45.0-32.33,195,1000,0.195,32.33,45.0
12-45.0-41.82,242,1000,0.242,41.82,45.0
220-45.0-24.94,571,1000,0.571,24.94,45.0
47-15.0-36.72,471,1000,0.471,36.72,15.0
0-45.0-42.45,564,1000,0.564,42.45,45.0
218-35.0-44.38,410,1000,0.41,44.38,35.0
95-45.0-39.64,277,1000,0.277,39.64,45.0
196-15.0-12.75,940,1000,0.94,12.75,15.0
221-40.0-28.5,671,1000,0.671,28.5,40.0
75-40.0-34.82,585,1000,0.585,34.82,40.0
92-40.0-46.49,353,1000,0.353,46.49,40.0
87-35.0-70.43,269,1000,0.269,70.43,35.0
168-20.0-11.38,624,1000,0.624,11.38,20.0
215-30.0-29.19,419,1000,0.419,29.19,30.0
118-25.0-36.73,479,1000,0.479,36.73,25.0
7-30.0-72.34,155,1000,0.155,72.34,30.0
39-35.0-28.82,284,1000,0.284,28.82,35.0
108-40.0-31.16,422,1000,0.422,31.16,40.0
48-40.0-46.88,137,1000,0.137,46.88,40.0
180-5.0-9.15,878,1000,0.878,9.15,5.0
106-30.0-16.15,294,1000,0.294,16.15,30.0
50-40.0-40.33,518,1000,0.518,40.33,40.0
65-45.0-27.98,149,1000,0.149,27.98,45.0
153-20.0-71.96,540,1000,0.54,71.96,20.0
62-40.0-24.89,708,1000,0.708,24.89,40.0
79-20.0-7.39,551,1000,0.551,7.39,20.0
177-45.0-86.69,111,1000,0.111,86.69,45.0
23-35.0-63.67,510,1000,0.51,63.67,35.0
47-25.0-24.27,664,1000,0.664,24.27,25.0
44-45.0-43.72,174,1000,0.174,43.72,45.0
55-30.0-24.58,294,1000,0.294,24.58,30.0
131-45.0-4.53,89,1000,0.089,4.53,45.0
181-45.0-25.4,75,1000,0.075,25.4,45.0
14-10.0-4.34,606,1000,0.606,4.34,10.0
63-35.0-32.39,220,1000,0.22,32.39,35.0
10-15.0-55.03,679,1000,0.679,55.03,15.0
168-30.0-28.97,376,1000,0.376,28.97,30.0
69-15.0-56.4,543,1000,0.543,56.4,15.0
186-30.0-19.91,811,1000,0.811,19.91,30.0
141-40.0-14.94,863,1000,0.863,14.94,40.0
18-30.0-75.64,72,1000,0.072,75.64,30.0
121-35.0-82.13,230,1000,0.23,82.13,35.0
69-45.0-70.17,406,1000,0.406,70.17,45.0
68-30.0-14.18,911,1000,0.911,14.18,30.0
98-35.0-11.07,838,1000,0.838,11.07,35.0
126-40.0-67.06,134,1000,0.134,67.06,40.0
126-45.0-45.32,347,1000,0.347,45.32,45.0
27-15.0-29.0,890,1000,0.89,29.0,15.0
13-35.0-39.19,544,1000,0.544,39.19,35.0
30-30.0-34.86,565,1000,0.565,34.86,30.0
195-10.0-10.73,265,1000,0.265,10.73,10.0
64-40.0-19.46,138,1000,0.138,19.46,40.0
138-40.0-31.79,674,1000,0.674,31.79,40.0
106-10.0-15.38,322,1000,0.322,15.38,10.0
135-10.0-52.84,500,1000,0.5,52.84,10.0
114-20.0-16.86,717,1000,0.717,16.86,20.0
183-15.0-37.32,622,1000,0.622,37.32,15.0
177-40.0-26.05,655,1000,0.655,26.05,40.0
37-30.0-13.69,232,1000,0.232,13.69,30.0
136-30.0-33.89,300,1000,0.3,33.89,30.0
135-20.0-50.59,544,1000,0.544,50.59,20.0
160-10.0-24.0,293,1000,0.293,24.0,10.0
75-25.0-35.04,625,1000,0.625,35.04,25.0
51-15.0-6.51,367,1000,0.367,6.51,15.0
119-40.0-62.48,257,1000,0.257,62.48,40.0
73-10.0-40.07,498,1000,0.498,40.07,10.0
87-25.0-59.63,287,1000,0.287,59.63,25.0
123-45.0-15.23,421,1000,0.421,15.23,45.0
193-15.0-53.0,587,1000,0.587,53.0,15.0
0-10.0-50.54,618,1000,0.618,50.54,10.0
188-25.0-15.56,680,1000,0.68,15.56,25.0
34-25.0-32.42,688,1000,0.688,32.42,25.0
196-20.0-11.78,837,1000,0.837,11.78,20.0
108-10.0-27.33,383,1000,0.383,27.33,10.0
73-25.0-59.37,225,1000,0.225,59.37,25.0
213-25.0-4.69,663,1000,0.663,4.69,25.0
71-45.0-59.31,527,1000,0.527,59.31,45.0
43-20.0-64.28,135,1000,0.135,64.28,20.0
11-45.0-2.15,906,1000,0.906,2.15,45.0
72-40.0-10.93,914,1000,0.914,10.93,40.0
35-40.0-76.95,231,1000,0.231,76.95,40.0
90-40.0-14.71,151,1000,0.151,14.71,40.0
194-40.0-33.43,138,1000,0.138,33.43,40.0
82-30.0-47.96,595,1000,0.595,47.96,30.0
166-35.0-21.99,901,1000,0.901,21.99,35.0
190-5.0-52.86,436,1000,0.436,52.86,5.0
105-15.0-22.63,183,1000,0.183,22.63,15.0
118-20.0-34.21,531,1000,0.531,34.21,20.0
93-40.0-62.68,132,1000,0.132,62.68,40.0
129-30.0-51.93,369,1000,0.369,51.93,30.0
166-25.0-59.76,416,1000,0.416,59.76,25.0
216-20.0-34.87,292,1000,0.292,34.87,20.0
76-25.0-17.14,876,1000,0.876,17.14,25.0
210-15.0-23.0,288,1000,0.288,23.0,15.0
76-20.0-21.07,872,1000,0.872,21.07,20.0
109-45.0-50.95,359,1000,0.359,50.95,45.0
190-30.0-39.86,631,1000,0.631,39.86,30.0
196-25.0-5.14,885,1000,0.885,5.14,25.0
146-25.0-26.12,177,1000,0.177,26.12,25.0
23-10.0-65.0,490,1000,0.49,65.0,10.0
119-35.0-13.66,747,1000,0.747,13.66,35.0
226-30.0-52.0,382,1000,0.382,52.0,30.0
36-25.0-18.68,328,1000,0.328,18.68,25.0
122-10.0-16.16,112,1000,0.112,16.16,10.0
130-40.0-28.95,877,1000,0.877,28.95,40.0
3-45.0-36.38,610,1000,0.61,36.38,45.0
6-40.0-62.09,330,1000,0.33,62.09,40.0
57-35.0-11.38,676,1000,0.676,11.38,35.0
185-30.0-27.24,320,1000,0.32,27.24,30.0
136-20.0-30.53,251,1000,0.251,30.53,20.0
180-45.0-18.24,213,1000,0.213,18.24,45.0
136-25.0-2.29,483,1000,0.483,2.29,25.0
52-15.0-53.64,82,1000,0.082,53.64,15.0
192-45.0-43.61,204,1000,0.204,43.61,45.0
149-40.0-14.41,219,1000,0.219,14.41,40.0
128-40.0-68.84,107,1000,0.107,68.84,40.0
65-35.0-38.58,134,1000,0.134,38.58,35.0
199-45.0-31.3,781,1000,0.781,31.3,45.0
66-30.0-53.63,657,1000,0.657,53.63,30.0
109-30.0-48.83,369,1000,0.369,48.83,30.0
162-30.0-63.75,149,1000,0.149,63.75,30.0
130-25.0-77.92,282,1000,0.282,77.92,25.0
79-30.0-10.98,300,1000,0.3,10.98,30.0
160-15.0-25.73,322,1000,0.322,25.73,15.0
134-30.0-17.75,619,1000,0.619,17.75,30.0
59-40.0-50.66,654,1000,0.654,50.66,40.0
130-5.0-64.48,310,1000,0.31,64.48,5.0
109-15.0-40.11,398,1000,0.398,40.11,15.0
17-30.0-64.57,314,1000,0.314,64.57,30.0
83-45.0-0.08,162,1000,0.162,0.08,45.0
9-15.0-7.2,422,1000,0.422,7.2,15.0
135-30.0-61.93,380,1000,0.38,61.93,30.0
220-40.0-49.22,390,1000,0.39,49.22,40.0
204-30.0-50.7,185,1000,0.185,50.7,30.0
27-40.0-19.99,701,1000,0.701,19.99,40.0
77-45.0-40.12,737,1000,0.737,40.12,45.0
203-35.0-9.11,839,1000,0.839,9.11,35.0
191-25.0-10.68,128,1000,0.128,10.68,25.0
0-40.0-39.11,628,1000,0.628,39.11,40.0
222-45.0-7.79,443,1000,0.443,7.79,45.0
42-10.0-9.33,453,1000,0.453,9.33,10.0
197-45.0-20.8,695,1000,0.695,20.8,45.0
159-25.0-29.76,617,1000,0.617,29.76,25.0
192-35.0-8.11,169,1000,0.169,8.11,35.0
80-35.0-67.24,161,1000,0.161,67.24,35.0
156-45.0-10.02,156,1000,0.156,10.02,45.0
152-25.0-5.35,594,1000,0.594,5.35,25.0
113-25.0-53.58,358,1000,0.358,53.58,25.0
68-45.0-14.27,729,1000,0.729,14.27,45.0
42-5.0-10.98,333,1000,0.333,10.98,5.0
220-30.0-23.93,652,1000,0.652,23.93,30.0
35-20.0-37.67,694,1000,0.694,37.67,20.0
36-45.0-3.27,124,1000,0.124,3.27,45.0
22-15.0-0.84,372,1000,0.372,0.84,15.0
27-30.0-62.45,250,1000,0.25,62.45,30.0
69-25.0-76.8,214,1000,0.214,76.8,25.0
106-35.0-0.54,231,1000,0.231,0.54,35.0
133-25.0-21.99,244,1000,0.244,21.99,25.0
33-35.0-56.68,345,1000,0.345,56.68,35.0
152-10.0-21.17,411,1000,0.411,21.17,10.0
116-30.0-58.27,359,1000,0.359,58.27,30.0
36-40.0-28.64,199,1000,0.199,28.64,40.0
75-45.0-35.95,557,1000,0.557,35.95,45.0
123-40.0-37.6,368,1000,0.368,37.6,40.0
79-25.0-3.55,328,1000,0.328,3.55,25.0
191-30.0-23.42,188,1000,0.188,23.42,30.0
7-25.0-64.98,216,1000,0.216,64.98,25.0
154-45.0-3.9,73,1000,0.073,3.9,45.0
226-15.0-33.49,753,1000,0.753,33.49,15.0
7-45.0-42.65,525,1000,0.525,42.65,45.0
97-20.0-46.84,229,1000,0.229,46.84,20.0
29-45.0-35.65,148,1000,0.148,35.65,45.0
129-25.0-64.16,104,1000,0.104,64.16,25.0
67-15.0-74.57,258,1000,0.258,74.57,15.0
85-35.0-67.14,442,1000,0.442,67.14,35.0
157-25.0-13.02,488,1000,0.488,13.02,25.0
160-35.0-22.44,448,1000,0.448,22.44,35.0
118-45.0-60.58,315,1000,0.315,60.58,45.0
188-5.0-27.68,485,1000,0.485,27.68,5.0
174-25.0-12.7,154,1000,0.154,12.7,25.0
33-40.0-65.2,261,1000,0.261,65.2,40.0
148-35.0-8.31,745,1000,0.745,8.31,35.0
57-30.0-54.99,191,1000,0.191,54.99,30.0
217-10.0-27.81,617,1000,0.617,27.81,10.0
33-45.0-76.46,183,1000,0.183,76.46,45.0
3-30.0-27.09,890,1000,0.89,27.09,30.0
32-45.0-33.11,607,1000,0.607,33.11,45.0
226-35.0-54.41,379,1000,0.379,54.41,35.0
134-5.0-35.26,143,1000,0.143,35.26,5.0
116-25.0-62.98,232,1000,0.232,62.98,25.0
201-45.0-11.15,513,1000,0.513,11.15,45.0
75-15.0-54.33,255,1000,0.255,54.33,15.0
102-35.0-0.31,111,1000,0.111,0.31,35.0
137-25.0-22.93,310,1000,0.31,22.93,25.0
222-30.0-46.6,284,1000,0.284,46.6,30.0
199-20.0-58.39,577,1000,0.577,58.39,20.0
159-40.0-45.13,435,1000,0.435,45.13,40.0
125-15.0-20.52,175,1000,0.175,20.52,15.0
121-45.0-43.26,620,1000,0.62,43.26,45.0
147-40.0-38.14,396,1000,0.396,38.14,40.0
98-40.0-46.92,446,1000,0.446,46.92,40.0
162-20.0-31.73,584,1000,0.584,31.73,20.0
176-30.0-33.33,109,1000,0.109,33.33,30.0
5-45.0-22.14,163,1000,0.163,22.14,45.0
6-10.0-37.59,642,1000,0.642,37.59,10.0
168-40.0-11.15,341,1000,0.341,11.15,40.0
163-45.0-15.46,346,1000,0.346,15.46,45.0
35-35.0-49.97,457,1000,0.457,49.97,35.0
174-35.0-27.19,151,1000,0.151,27.19,35.0
203-25.0-33.88,540,1000,0.54,33.88,25.0
196-45.0-12.2,461,1000,0.461,12.2,45.0
166-40.0-63.55,397,1000,0.397,63.55,40.0
195-45.0-32.59,86,1000,0.086,32.59,45.0
219-30.0-29.94,432,1000,0.432,29.94,30.0
60-25.0-63.09,154,1000,0.154,63.09,25.0
121-30.0-29.51,933,1000,0.933,29.51,30.0
173-45.0-8.95,888,1000,0.888,8.95,45.0
180-35.0-9.11,248,1000,0.248,9.11,35.0
25-30.0-47.52,388,1000,0.388,47.52,30.0
179-5.0-36.71,80,1000,0.08,36.71,5.0
62-35.0-22.23,775,1000,0.775,22.23,35.0
190-45.0-63.29,431,1000,0.431,63.29,45.0
63-45.0-21.36,112,1000,0.112,21.36,45.0
216-40.0-11.71,453,1000,0.453,11.71,40.0
51-45.0-6.29,88,1000,0.088,6.29,45.0
32-30.0-23.59,824,1000,0.824,23.59,30.0
215-20.0-43.35,67,1000,0.067,43.35,20.0
219-40.0-40.77,378,1000,0.378,40.77,40.0
37-5.0-13.46,232,1000,0.232,13.46,5.0
148-25.0-7.8,904,1000,0.904,7.8,25.0
19-10.0-11.34,445,1000,0.445,11.34,10.0
24-30.0-70.28,211,1000,0.211,70.28,30.0
35-25.0-44.09,528,1000,0.528,44.09,25.0
113-40.0-82.55,73,1000,0.073,82.55,40.0
22-40.0-23.49,160,1000,0.16,23.49,40.0
0-25.0-64.72,350,1000,0.35,64.72,25.0
87-45.0-18.22,743,1000,0.743,18.22,45.0
14-5.0-9.7,306,1000,0.306,9.7,5.0
58-20.0-84.56,107,1000,0.107,84.56,20.0
14-25.0-19.42,310,1000,0.31,19.42,25.0
66-35.0-68.33,469,1000,0.469,68.33,35.0
110-20.0-9.87,788,1000,0.788,9.87,20.0
221-5.0-48.37,465,1000,0.465,48.37,5.0
76-35.0-52.63,350,1000,0.35,52.63,35.0
88-45.0-79.15,201,1000,0.201,79.15,45.0
195-35.0-38.8,48,1000,0.048,38.8,35.0
224-45.0-44.64,187,1000,0.187,44.64,45.0
201-35.0-25.33,550,1000,0.55,25.33,35.0
71-35.0-62.88,516,1000,0.516,62.88,35.0
111-10.0-31.96,113,1000,0.113,31.96,10.0
57-15.0-32.88,411,1000,0.411,32.88,15.0
211-40.0-16.2,103,1000,0.103,16.2,40.0
57-40.0-52.75,314,1000,0.314,52.75,40.0
221-30.0-25.16,811,1000,0.811,25.16,30.0
64-25.0-2.98,189,1000,0.189,2.98,25.0
164-35.0-89.99,315,1000,0.315,89.99,35.0
98-15.0-38.59,491,1000,0.491,38.59,15.0
188-35.0-7.32,676,1000,0.676,7.32,35.0
56-45.0-24.32,128,1000,0.128,24.32,45.0
4-40.0-26.32,973,1000,0.973,26.32,40.0
42-45.0-34.46,211,1000,0.211,34.46,45.0
17-35.0-48.39,469,1000,0.469,48.39,35.0
133-35.0-38.43,81,1000,0.081,38.43,35.0
52-20.0-25.08,783,1000,0.783,25.08,20.0
22-5.0-11.23,291,1000,0.291,11.23,5.0
161-35.0-36.88,527,1000,0.527,36.88,35.0
49-45.0-81.34,173,1000,0.173,81.34,45.0
144-25.0-15.36,446,1000,0.446,15.36,25.0
138-15.0-43.18,677,1000,0.677,43.18,15.0
225-45.0-12.13,680,1000,0.68,12.13,45.0
126-25.0-16.85,715,1000,0.715,16.85,25.0
128-45.0-16.14,613,1000,0.613,16.14,45.0
139-15.0-87.05,448,1000,0.448,87.05,15.0
27-45.0-74.98,221,1000,0.221,74.98,45.0
167-15.0-14.67,905,1000,0.905,14.67,15.0
111-20.0-9.79,740,1000,0.74,9.79,20.0
169-35.0-25.61,455,1000,0.455,25.61,35.0
81-45.0-9.43,153,1000,0.153,9.43,45.0
58-45.0-64.26,474,1000,0.474,64.26,45.0
223-35.0-4.41,91,1000,0.091,4.41,35.0
144-35.0-29.21,322,1000,0.322,29.21,35.0
174-40.0-15.38,87,1000,0.087,15.38,40.0
26-40.0-85.81,507,1000,0.507,85.81,40.0
158-35.0-47.67,304,1000,0.304,47.67,35.0
221-25.0-60.58,320,1000,0.32,60.58,25.0
149-30.0-37.85,178,1000,0.178,37.85,30.0
19-25.0-7.74,299,1000,0.299,7.74,25.0
7-35.0-73.44,221,1000,0.221,73.44,35.0
140-35.0-5.61,554,1000,0.554,5.61,35.0
153-15.0-79.01,386,1000,0.386,79.01,15.0
180-30.0-20.35,392,1000,0.392,20.35,30.0
10-30.0-50.86,618,1000,0.618,50.86,30.0
5-5.0-8.64,540,1000,0.54,8.64,5.0
5-20.0-8.51,351,1000,0.351,8.51,20.0
211-45.0-49.53,95,1000,0.095,49.53,45.0
188-30.0-28.33,455,1000,0.455,28.33,30.0
117-35.0-63.01,459,1000,0.459,63.01,35.0
126-30.0-12.3,729,1000,0.729,12.3,30.0
55-25.0-3.36,167,1000,0.167,3.36,25.0
31-40.0-42.01,130,1000,0.13,42.01,40.0
226-45.0-70.5,273,1000,0.273,70.5,45.0
226-40.0-11.11,862,1000,0.862,11.11,40.0
68-40.0-31.57,569,1000,0.569,31.57,40.0
5-30.0-37.23,132,1000,0.132,37.23,30.0
44-30.0-28.74,262,1000,0.262,28.74,30.0
81-15.0-15.2,391,1000,0.391,15.2,15.0
210-45.0-50.52,189,1000,0.189,50.52,45.0
124-40.0-23.28,140,1000,0.14,23.28,40.0
156-40.0-40.24,202,1000,0.202,40.24,40.0
71-40.0-70.93,446,1000,0.446,70.93,40.0
2-5.0-45.89,698,1000,0.698,45.89,5.0
173-20.0-40.41,695,1000,0.695,40.41,20.0
202-45.0-17.64,176,1000,0.176,17.64,45.0
60-45.0-33.9,544,1000,0.544,33.9,45.0
181-5.0-3.22,579,1000,0.579,3.22,5.0
82-10.0-50.33,627,1000,0.627,50.33,10.0
184-40.0-19.47,526,1000,0.526,19.47,40.0
128-30.0-47.15,320,1000,0.32,47.15,30.0
97-45.0-51.21,362,1000,0.362,51.21,45.0
157-15.0-15.45,397,1000,0.397,15.45,15.0
112-35.0-22.76,165,1000,0.165,22.76,35.0
72-35.0-31.2,649,1000,0.649,31.2,35.0
69-40.0-24.64,880,1000,0.88,24.64,40.0
3-40.0-34.37,665,1000,0.665,34.37,40.0
221-45.0-3.5,978,1000,0.978,3.5,45.0
128-25.0-38.54,359,1000,0.359,38.54,25.0
103-30.0-48.05,182,1000,0.182,48.05,30.0
103-45.0-23.99,495,1000,0.495,23.99,45.0
74-35.0-46.32,457,1000,0.457,46.32,35.0
62-30.0-68.65,244,1000,0.244,68.65,30.0
80-15.0-29.15,727,1000,0.727,29.15,15.0
179-30.0-33.65,477,1000,0.477,33.65,30.0
102-15.0-0.36,273,1000,0.273,0.36,15.0
46-40.0-17.79,779,1000,0.779,17.79,40.0
108-20.0-36.63,271,1000,0.271,36.63,20.0
144-45.0-11.91,177,1000,0.177,11.91,45.0
54-40.0-10.68,878,1000,0.878,10.68,40.0
109-35.0-29.61,537,1000,0.537,29.61,35.0
205-20.0-16.91,283,1000,0.283,16.91,20.0
74-40.0-34.55,558,1000,0.558,34.55,40.0
46-45.0-88.97,162,1000,0.162,88.97,45.0
151-45.0-38.61,445,1000,0.445,38.61,45.0
166-20.0-35.19,923,1000,0.923,35.19,20.0
223-5.0-0.74,872,1000,0.872,0.74,5.0
98-30.0-11.17,897,1000,0.897,11.17,30.0
149-5.0-9.1,814,1000,0.814,9.1,5.0
200-45.0-3.64,873,1000,0.873,3.64,45.0
203-10.0-43.96,224,1000,0.224,43.96,10.0
105-30.0-4.79,203,1000,0.203,4.79,30.0
136-15.0-25.37,288,1000,0.288,25.37,15.0
97-40.0-55.14,282,1000,0.282,55.14,40.0
206-30.0-53.35,55,1000,0.055,53.35,30.0
170-20.0-30.86,331,1000,0.331,30.86,20.0
112-45.0-27.84,138,1000,0.138,27.84,45.0
117-30.0-51.86,595,1000,0.595,51.86,30.0
35-15.0-39.62,680,1000,0.68,39.62,15.0
53-20.0-21.55,643,1000,0.643,21.55,20.0
213-20.0-25.74,388,1000,0.388,25.74,20.0
12-10.0-1.01,924,1000,0.924,1.01,10.0
11-40.0-34.74,546,1000,0.546,34.74,40.0
93-30.0-28.07,492,1000,0.492,28.07,30.0
190-40.0-76.43,280,1000,0.28,76.43,40.0
129-35.0-67.2,193,1000,0.193,67.2,35.0
43-15.0-33.78,881,1000,0.881,33.78,15.0
101-35.0-17.97,119,1000,0.119,17.97,35.0
8-25.0-45.48,535,1000,0.535,45.48,25.0
96-45.0-26.5,717,1000,0.717,26.5,45.0
111-45.0-20.19,433,1000,0.433,20.19,45.0
3-25.0-55.49,443,1000,0.443,55.49,25.0
60-35.0-65.1,270,1000,0.27,65.1,35.0
43-10.0-49.87,326,1000,0.326,49.87,10.0
117-25.0-42.58,773,1000,0.773,42.58,25.0
0-30.0-68.12,337,1000,0.337,68.12,30.0
98-45.0-65.7,282,1000,0.282,65.7,45.0
53-40.0-19.98,579,1000,0.579,19.98,40.0
224-35.0-35.48,185,1000,0.185,35.48,35.0
165-20.0-63.95,488,1000,0.488,63.95,20.0
167-45.0-48.04,335,1000,0.335,48.04,45.0
75-35.0-41.5,499,1000,0.499,41.5,35.0
197-25.0-50.5,412,1000,0.412,50.5,25.0
168-45.0-4.3,323,1000,0.323,4.3,45.0
51-10.0-14.02,227,1000,0.227,14.02,10.0
191-10.0-6.6,443,1000,0.443,6.6,10.0
40-40.0-16.63,823,1000,0.823,16.63,40.0
129-40.0-27.87,602,1000,0.602,27.87,40.0
31-45.0-21.09,89,1000,0.089,21.09,45.0
101-20.0-1.89,207,1000,0.207,1.89,20.0
101-40.0-8.52,90,1000,0.09,8.52,40.0
225-40.0-57.16,280,1000,0.28,57.16,40.0
150-30.0-60.64,643,1000,0.643,60.64,30.0
94-5.0-7.1,754,1000,0.754,7.1,5.0
82-35.0-53.42,482,1000,0.482,53.42,35.0
183-40.0-77.91,144,1000,0.144,77.91,40.0
13-25.0-38.05,575,1000,0.575,38.05,25.0
129-45.0-63.08,329,1000,0.329,63.08,45.0
21-45.0-47.96,222,1000,0.222,47.96,45.0
70-45.0-50.09,157,1000,0.157,50.09,45.0
200-30.0-49.36,375,1000,0.375,49.36,30.0
160-45.0-45.18,279,1000,0.279,45.18,45.0
13-40.0-35.95,553,1000,0.553,35.95,40.0
114-25.0-45.56,265,1000,0.265,45.56,25.0
120-30.0-82.04,181,1000,0.181,82.04,30.0
12-40.0-34.33,305,1000,0.305,34.33,40.0
84-25.0-5.63,282,1000,0.282,5.63,25.0
93-45.0-60.77,218,1000,0.218,60.77,45.0
182-30.0-49.83,339,1000,0.339,49.83,30.0
12-35.0-29.02,315,1000,0.315,29.02,35.0
192-15.0-1.47,411,1000,0.411,1.47,15.0
24-35.0-41.97,525,1000,0.525,41.97,35.0
142-45.0-48.43,203,1000,0.203,48.43,45.0
140-45.0-38.95,389,1000,0.389,38.95,45.0
105-40.0-21.58,206,1000,0.206,21.58,40.0
225-25.0-51.3,260,1000,0.26,51.3,25.0
48-45.0-13.54,194,1000,0.194,13.54,45.0
135-25.0-43.64,612,1000,0.612,43.64,25.0
127-5.0-9.34,482,1000,0.482,9.34,5.0
17-45.0-31.97,622,1000,0.622,31.97,45.0
56-15.0-11.79,386,1000,0.386,11.79,15.0
20-40.0-44.62,133,1000,0.133,44.62,40.0
110-35.0-55.31,136,1000,0.136,55.31,35.0
139-30.0-81.46,745,1000,0.745,81.46,30.0
72-30.0-40.43,575,1000,0.575,40.43,30.0
91-10.0-67.69,396,1000,0.396,67.69,10.0
96-30.0-78.44,93,1000,0.093,78.44,30.0
93-35.0-57.93,140,1000,0.14,57.93,35.0
22-25.0-3.5,226,1000,0.226,3.5,25.0
53-30.0-32.76,432,1000,0.432,32.76,30.0
23-15.0-53.21,829,1000,0.829,53.21,15.0
185-20.0-10.75,537,1000,0.537,10.75,20.0
73-40.0-66.47,253,1000,0.253,66.47,40.0
177-25.0-49.77,424,1000,0.424,49.77,25.0
113-45.0-9.26,816,1000,0.816,9.26,45.0
96-35.0-36.0,623,1000,0.623,36.0,35.0
150-40.0-43.61,835,1000,0.835,43.61,40.0
193-40.0-43.5,602,1000,0.602,43.5,40.0
133-40.0-41.85,122,1000,0.122,41.85,40.0
23-40.0-76.16,461,1000,0.461,76.16,40.0
5-25.0-24.69,270,1000,0.27,24.69,25.0
77-25.0-67.28,515,1000,0.515,67.28,25.0
37-45.0-16.88,148,1000,0.148,16.88,45.0
53-10.0-38.98,171,1000,0.171,38.98,10.0
75-30.0-17.06,880,1000,0.88,17.06,30.0
211-25.0-1.63,193,1000,0.193,1.63,25.0
44-20.0-13.77,384,1000,0.384,13.77,20.0
192-20.0-23.36,210,1000,0.21,23.36,20.0
186-40.0-58.03,350,1000,0.35,58.03,40.0
38-45.0-67.93,261,1000,0.261,67.93,45.0
54-45.0-15.89,781,1000,0.781,15.89,45.0
216-45.0-20.69,500,1000,0.5,20.69,45.0
