,system_id,period,phase,theta,inclination,dincl,beta,dopulse,norm,alive,dead,ratio
5176885,251,10.0,0.0,21.672161319172073,21.0,42.0,0.2,0,1.0,35.52834188999999,14.37689505600001,0.7119161046854353
1130393,251,10.0,0.0,21.672161319172073,42.34,22.0,0.2,0,1.0,28.31985478000001,21.593572716,0.5673794848544417
4946731,251,10.0,0.0,21.672161319172073,59.0,40.0,0.2,0,1.0,20.126250720000012,29.782910595999994,0.4032576422707365
5021653,251,10.0,0.0,21.672161319172073,11.0,36.0,0.2,0,1.0,48.670480252,1.2783997320000031,0.9744058378804588
5303443,251,10.0,0.0,21.672161319172073,57.0,31.0,0.2,0,1.0,19.760526230000007,30.189832856,0.39560328677473816
4985838,251,10.0,0.0,21.672161319172073,51.0,34.0,0.2,0,1.0,23.03282185,26.872739056,0.4615281630314434
1305547,251,10.0,0.0,21.672161319172073,55.47,12.0,0.2,0,1.0,13.681784369999995,36.233804936000006,0.2740984241641599
1305566,251,10.0,0.0,21.672161319172073,55.47,26.0,0.2,0,1.0,19.641035080000005,30.313097216000003,0.3931813881506001
4989496,251,10.0,0.0,21.672161319172073,22.0,29.0,0.2,0,1.0,41.38350674800001,8.545845289999994,0.8288412538681463
4975585,251,10.0,0.0,21.672161319172073,28.0,24.0,0.2,0,1.0,39.42662474000001,10.521074546000003,0.7893581747227948
56067,251,10.0,0.0,21.672161319172073,12.52,41.0,0.2,0,1.0,40.83060366600001,9.097473073999987,0.817788433522585
430206,251,10.0,0.0,21.672161319172073,70.17,39.0,0.2,0,1.0,14.821463589999995,35.093885115999996,0.29693198533577314
4973861,251,10.0,0.0,21.672161319172073,48.0,40.0,0.2,0,1.0,24.57640424,25.356071716,0.4921927817410153
5088884,251,10.0,0.0,21.672161319172073,13.0,45.0,0.2,0,1.0,38.555283640000006,11.353081785999999,0.7725214663094224
5252535,251,10.0,0.0,21.672161319172073,57.0,24.0,0.2,0,1.0,18.11784788,31.820109146,0.3628071502918514
5036541,251,10.0,0.0,21.672161319172073,60.0,13.0,0.2,0,1.0,4.47497901000001,45.43946132600001,0.0896529938005235
1130363,251,10.0,0.0,21.672161319172073,42.34,33.0,0.2,0,1.0,27.15215646000001,22.753188206,0.5440731176534382
5150491,251,10.0,0.0,21.672161319172073,14.0,40.0,0.2,0,1.0,40.32583602300001,9.58699285999999,0.807925275434243
3023233,251,10.0,0.0,21.672161319172073,18.42,41.0,0.2,0,1.0,37.18210228,12.740466235999994,0.7447954579517133
5006126,251,10.0,0.0,21.672161319172073,14.0,42.0,0.2,0,1.0,39.36759960000001,10.588054516000003,0.7880509283010506
5184148,251,10.0,0.0,21.672161319172073,64.0,39.0,0.2,0,1.0,17.762128469999983,32.14557915600001,0.35589950560555506
5182681,251,10.0,0.0,21.672161319172073,42.0,28.0,0.2,0,1.0,27.70403385000001,22.201860636,0.5551254843808433
3529752,251,10.0,0.0,21.672161319172073,21.8,42.0,0.2,0,1.0,35.19528828999999,14.748151056000006,0.7047029349775609
387656,251,10.0,0.0,21.672161319172073,47.35,34.0,0.2,0,1.0,24.7384216,25.171997295999994,0.4956564610597294
5064056,251,10.0,0.0,21.672161319172073,44.0,20.0,0.2,0,1.0,27.31383684000001,22.642366115999998,0.5467556624360993
4958540,251,10.0,0.0,21.672161319172073,61.0,21.0,0.2,0,1.0,13.268999690000005,36.687509156,0.26561102840280737
5214149,251,10.0,0.0,21.672161319172073,56.0,20.0,0.2,0,1.0,17.493247289999992,32.446682136000014,0.3502857831611704
5122032,251,10.0,0.0,21.672161319172073,11.0,39.0,0.2,0,1.0,43.63600911199999,6.321015682000003,0.8734709341065647
5152342,251,10.0,0.0,21.672161319172073,45.0,25.0,0.2,0,1.0,26.225417449999995,23.722131346000012,0.5250591486904004
5068675,251,10.0,0.0,21.672161319172073,33.0,39.0,0.2,0,1.0,30.78920925000001,19.113612566,0.616983331394063
5211714,251,10.0,0.0,21.672161319172073,44.0,43.0,0.2,0,1.0,26.098641789999995,23.860788596000003,0.5223967044530906
5092357,251,10.0,0.0,21.672161319172073,43.0,38.0,0.2,0,1.0,26.64322328,23.260292696000004,0.5338947118037428
5365023,251,10.0,0.0,21.672161319172073,29.0,25.0,0.2,0,1.0,37.68606797,12.251789526000008,0.7546592877561604
5133736,251,10.0,0.0,21.672161319172073,62.0,27.0,0.2,0,1.0,15.560702920000008,34.396728156,0.3114792451262673
3291476,251,10.0,0.0,21.672161319172073,43.63,42.0,0.2,0,1.0,26.27516487999999,23.666465406000015,0.5261174841415948
2881657,251,10.0,0.0,21.672161319172073,72.65,37.0,0.2,0,1.0,12.785819970000016,37.163721756,0.2559747202514307
2881652,251,10.0,0.0,21.672161319172073,72.65,34.0,0.2,0,1.0,11.301909679999998,38.61691063600001,0.2264057846009936
5282287,251,10.0,0.0,21.672161319172073,72.0,37.0,0.2,0,1.0,13.140051419999995,36.77259359600001,0.26326097155916744
4384948,251,10.0,0.0,21.672161319172073,57.26,34.0,0.2,0,1.0,19.994436970000013,29.918446296,0.4005866954919023
4996251,251,10.0,0.0,21.672161319172073,66.0,45.0,0.2,0,1.0,18.02680935,31.915123305999995,0.3609553814060152
5093544,251,10.0,0.0,21.672161319172073,69.0,38.0,0.2,0,1.0,15.124323940000007,34.81833849599999,0.30283375379479155
5018850,251,10.0,0.0,21.672161319172073,83.0,41.0,0.2,0,1.0,7.8135698699999905,42.114246216000005,0.15649732919503673
5208648,251,10.0,0.0,21.672161319172073,72.0,33.0,0.2,0,1.0,11.202422769999998,38.726031796,0.22436950767606093
5184793,251,10.0,0.0,21.672161319172073,70.0,37.0,0.2,0,1.0,14.230968459999987,35.68399877600001,0.285104233219575
5073108,251,10.0,0.0,21.672161319172073,31.0,25.0,0.2,0,1.0,35.97416563,13.954247405999999,0.7205149020871435
5107933,251,10.0,0.0,21.672161319172073,75.0,29.0,0.2,0,1.0,3.9095730800000137,46.011024626,0.0783158307323335
5136989,251,10.0,0.0,21.672161319172073,33.0,30.0,0.2,0,1.0,32.68962509,17.266531716000006,0.6543662919657142
3815851,251,10.0,0.0,21.672161319172073,32.99,32.0,0.2,0,1.0,32.170914100000005,17.775575845999995,0.6441076066562799
4976186,251,10.0,0.0,21.672161319172073,37.0,14.0,0.2,0,1.0,38.30406869,11.63020210600001,0.7670897778098394
4644248,251,10.0,0.0,21.672161319172073,57.13,22.0,0.2,0,1.0,17.30288243,32.657348815999995,0.34633311332771977
5202331,251,10.0,0.0,21.672161319172073,30.0,30.0,0.2,0,1.0,34.534189469999994,15.416783076000009,0.6913617034822966
919968,251,10.0,0.0,21.672161319172073,36.41,27.0,0.2,0,1.0,31.29651623000001,18.611915955999986,0.6270787291687178
2903685,251,10.0,0.0,21.672161319172073,16.78,33.0,0.2,0,1.0,43.293928023999996,6.632864437999989,0.8671481961704558
5146690,251,10.0,0.0,21.672161319172073,22.0,38.0,0.2,0,1.0,36.44393351,13.503587736000002,0.7296444868706788
5096479,251,10.0,0.0,21.672161319172073,25.0,31.0,0.2,0,1.0,37.54157717,12.416400586000009,0.7514631067205519
2544358,251,10.0,0.0,21.672161319172073,52.82,15.0,0.2,0,1.0,18.69654180999999,31.240630286000012,0.3744012931700951
2903702,251,10.0,0.0,21.672161319172073,16.78,41.0,0.2,0,1.0,38.12772994,11.825613986000006,0.7632668194642134
5131940,251,10.0,0.0,21.672161319172073,12.0,44.0,0.2,0,1.0,39.54316272000001,10.387503105999997,0.7919614542654267
5037081,251,10.0,0.0,21.672161319172073,68.0,44.0,0.2,0,1.0,17.00863821,32.918009386,0.3406725472062877
5200344,251,10.0,0.0,21.672161319172073,7.0,42.0,0.2,0,1.0,44.897073861,5.050012534,0.8988927503385756
4999275,251,10.0,0.0,21.672161319172073,45.0,4.0,0.2,0,1.0,40.377984999999995,9.532443245999994,0.8090089870794895
5096496,251,10.0,0.0,21.672161319172073,30.0,26.0,0.2,0,1.0,36.24885117999999,13.710606846000008,0.7255653406234971
3529749,251,10.0,0.0,21.672161319172073,21.8,36.0,0.2,0,1.0,37.22576465,12.692037996,0.7457412521539141
5027416,251,10.0,0.0,21.672161319172073,35.0,32.0,0.2,0,1.0,31.024375880000008,18.912133435999987,0.6212764229008612
5162716,251,10.0,0.0,21.672161319172073,22.0,26.0,0.2,0,1.0,45.257162636999986,4.6526079120000015,0.9067796172809048
942746,251,10.0,0.0,21.672161319172073,30.27,41.0,0.2,0,1.0,31.64522908000001,18.293126805999986,0.6336858416452515
2060484,251,10.0,0.0,21.672161319172073,14.68,38.0,0.2,0,1.0,41.117729886000006,8.843236633999993,0.8229970865263398
56054,251,10.0,0.0,21.672161319172073,12.52,37.0,0.2,0,1.0,43.930640896999996,5.990596732,0.8799990341481444
5333384,251,10.0,0.0,21.672161319172073,55.0,32.0,0.2,0,1.0,20.948648470000013,28.996807246,0.4194305201481848
5332904,251,10.0,0.0,21.672161319172073,41.0,8.0,0.2,0,1.0,41.593344371,8.314859164000001,0.8333969452903892
5251075,251,10.0,0.0,21.672161319172073,64.0,24.0,0.2,0,1.0,12.344326529999995,37.584943496,0.2472362709002525
1305574,251,10.0,0.0,21.672161319172073,55.47,11.0,0.2,0,1.0,12.390991269999995,37.528927506,0.2482173764264459
4934149,251,10.0,0.0,21.672161319172073,56.0,17.0,0.2,0,1.0,16.026088400000017,33.88029296599999,0.32112302998826914
5073036,251,10.0,0.0,21.672161319172073,49.0,30.0,0.2,0,1.0,23.906379890000004,26.037698036,0.4786629543030319
5288996,251,10.0,0.0,21.672161319172073,20.0,45.0,0.2,0,1.0,35.19528828999999,14.748151056000006,0.7047029349775609
5191131,251,10.0,0.0,21.672161319172073,75.0,42.0,0.2,0,1.0,13.335747750000005,36.611628236,0.2669959629858823
1283998,251,10.0,0.0,21.672161319172073,38.59,19.0,0.2,0,1.0,32.21266334000001,17.731607165999993,0.6449721462270668
5044119,251,10.0,0.0,21.672161319172073,38.0,35.0,0.2,0,1.0,29.14209758,20.813517646000005,0.5833597974554149
1130398,251,10.0,0.0,21.672161319172073,42.34,43.0,0.2,0,1.0,26.70830918,23.248674096,0.5346261409029281
5280127,251,10.0,0.0,21.672161319172073,57.0,21.0,0.2,0,1.0,16.987991660000006,32.942761986,0.3402310283646385
5295535,251,10.0,0.0,21.672161319172073,15.0,32.0,0.2,0,1.0,48.562445684,1.3949806380000038,0.972076611212742
2544366,251,10.0,0.0,21.672161319172073,52.82,32.0,0.2,0,1.0,22.03059150999999,27.918630286000013,0.44105975464394975
5091375,251,10.0,0.0,21.672161319172073,42.0,34.0,0.2,0,1.0,27.31383684000001,22.642366115999998,0.5467556624360993
5022482,251,10.0,0.0,21.672161319172073,62.0,31.0,0.2,0,1.0,16.942353810000007,32.996627415999995,0.3392611021303578
5214034,251,10.0,0.0,21.672161319172073,19.0,43.0,0.2,0,1.0,36.24713741999999,13.714034366000009,0.7255061505614462
3380845,251,10.0,0.0,21.672161319172073,27.04,42.0,0.2,0,1.0,32.86850674,17.070470456,0.6581734065357009
201747,251,10.0,0.0,21.672161319172073,33.46,31.0,0.2,0,1.0,32.13137854000001,17.817333465999997,0.643287429236219
4992084,251,10.0,0.0,21.672161319172073,78.0,36.0,0.2,0,1.0,8.36399022,41.56345062599999,0.1675229108136852
5305298,251,10.0,0.0,21.672161319172073,55.0,36.0,0.2,0,1.0,21.428682140000017,28.52872006599999,0.4289390799713436
5258771,251,10.0,0.0,21.672161319172073,42.0,29.0,0.2,0,1.0,27.68328285000001,22.233694285999995,0.5545865242315503
4214091,251,10.0,0.0,21.672161319172073,72.63,27.0,0.2,0,1.0,4.804007589999994,45.138791246000004,0.09619019562310048
5101263,251,10.0,0.0,21.672161319172073,35.0,17.0,0.2,0,1.0,37.38920782999999,12.515972346000009,0.7492049462228154
3772929,251,10.0,0.0,21.672161319172073,25.91,39.0,0.2,0,1.0,34.05575938,15.883911536,0.6819380014995051
5348703,251,10.0,0.0,21.672161319172073,39.0,27.0,0.2,0,1.0,29.77287825000001,20.178295926,0.5960396074994561
990848,251,10.0,0.0,21.672161319172073,53.34,26.0,0.2,0,1.0,21.005617620000013,28.929000066,0.4206624300618062
5001912,251,10.0,0.0,21.672161319172073,39.0,42.0,0.2,0,1.0,28.00659882,21.936724456000004,0.5607676258391564
5128523,251,10.0,0.0,21.672161319172073,60.0,38.0,0.2,0,1.0,19.359849699999987,30.562424406000012,0.38779983577857857
1567544,251,10.0,0.0,21.672161319172073,33.55,28.0,0.2,0,1.0,32.89977701,17.032801745999993,0.6588839957729341
5063044,251,10.0,0.0,21.672161319172073,52.0,5.0,0.2,0,1.0,11.66929155999999,38.26862638600001,0.2336759728873457
5228863,251,10.0,0.0,21.672161319172073,55.0,42.0,0.2,0,1.0,21.89924105,28.00523532600001,0.4388231806101416
5160426,251,10.0,0.0,21.672161319172073,71.0,32.0,0.2,0,1.0,11.3688938,38.540316336,0.2277914991846265
2060501,251,10.0,0.0,21.672161319172073,14.68,42.0,0.2,0,1.0,38.93293843,11.002543985999994,0.779664810397934
5090253,251,10.0,0.0,21.672161319172073,23.0,28.0,0.2,0,1.0,41.29482221800001,8.650739839999996,0.8267966264959797
4957029,251,10.0,0.0,21.672161319172073,42.0,32.0,0.2,0,1.0,27.439855810000008,22.502259465999998,0.5494331919734765
1130399,251,10.0,0.0,21.672161319172073,42.34,44.0,0.2,0,1.0,26.646129599999995,23.254480056000013,0.5339840491667438
2881662,251,10.0,0.0,21.672161319172073,72.65,42.0,0.2,0,1.0,14.525885349999996,35.420239136,0.2908310804789596
5043613,251,10.0,0.0,21.672161319172073,39.0,29.0,0.2,0,1.0,29.3643537,20.560248985999998,0.5881740088085755
5226811,251,10.0,0.0,21.672161319172073,38.0,28.0,0.2,0,1.0,30.12631383000002,19.78240193599999,0.6036283115608312
5267237,251,10.0,0.0,21.672161319172073,48.0,19.0,0.2,0,1.0,24.00964603,25.914989576,0.4809178021744938
1567555,251,10.0,0.0,21.672161319172073,33.55,17.0,0.2,0,1.0,39.42926320000001,10.515797626000003,0.7894527015867449
247608,251,10.0,0.0,21.672161319172073,33.83,24.0,0.2,0,1.0,34.144242209999994,15.783544015999999,0.6838725445475352
883875,251,10.0,0.0,21.672161319172073,73.17,38.0,0.2,0,1.0,12.852632470000017,37.08765050599997,0.257360024895667
4990450,251,10.0,0.0,21.672161319172073,25.0,44.0,0.2,0,1.0,33.34387715,16.608820415999993,0.6675090390452769
2927113,251,10.0,0.0,21.672161319172073,64.17,45.0,0.2,0,1.0,18.70433141999999,31.225051066000013,0.3746157170128153
5011676,251,10.0,0.0,21.672161319172073,46.0,17.0,0.2,0,1.0,25.86280245000001,24.058355095999993,0.5180729718890964
3291466,251,10.0,0.0,21.672161319172073,43.63,34.0,0.2,0,1.0,26.51010655000001,23.405071436,0.5311031157183382
5020529,251,10.0,0.0,21.672161319172073,27.0,26.0,0.2,0,1.0,38.86521406999999,11.075807406,0.7782222493922624
5058631,251,10.0,0.0,21.672161319172073,78.0,34.0,0.2,0,1.0,6.594838170000006,43.341711246,0.13206435460850996
5110311,251,10.0,0.0,21.672161319172073,11.0,43.0,0.2,0,1.0,40.744467079,9.193972047999988,0.815893884375951
4644245,251,10.0,0.0,21.672161319172073,57.13,26.0,0.2,0,1.0,18.630448839999982,31.318443906000013,0.3729902269253396
1305577,251,10.0,0.0,21.672161319172073,55.47,36.0,0.2,0,1.0,21.169234030000013,28.750995806,0.4240612292761081
5159401,251,10.0,0.0,21.672161319172073,44.0,11.0,0.2,0,1.0,30.444449330000005,19.49699045599999,0.6096029561913923
1567573,251,10.0,0.0,21.672161319172073,33.55,44.0,0.2,0,1.0,29.90494339000001,20.028639075999997,0.5988944095962356
4899418,251,10.0,0.0,21.672161319172073,68.08,45.0,0.2,0,1.0,17.186859830000003,32.723414616,0.3443551457244576
5263305,251,10.0,0.0,21.672161319172073,66.0,23.0,0.2,0,1.0,9.369901229999991,40.57447211600001,0.18760674330796104
247629,251,10.0,0.0,21.672161319172073,33.83,39.0,0.2,0,1.0,30.44688549000001,19.492118135999988,0.6096814769878246
4944663,251,10.0,0.0,21.672161319172073,24.0,33.0,0.2,0,1.0,37.15563602,12.770119555999992,0.7442178008390771
5268948,251,10.0,0.0,21.672161319172073,16.0,44.0,0.2,0,1.0,37.38920782999999,12.515972346000009,0.7492049462228154
3291459,251,10.0,0.0,21.672161319172073,43.63,30.0,0.2,0,1.0,26.74851799,23.205566116000014,0.5354620842059883
5185977,251,10.0,0.0,21.672161319172073,59.0,44.0,0.2,0,1.0,20.5624831,29.360848146000013,0.4118812304146374
3291451,251,10.0,0.0,21.672161319172073,43.63,8.0,0.2,0,1.0,34.03934382,15.902316456,0.6815821426817477
3534504,251,10.0,0.0,21.672161319172073,28.15,24.0,0.2,0,1.0,39.21568995,10.687130306000004,0.7858411558469975
5398227,251,10.0,0.0,21.672161319172073,61.0,23.0,0.2,0,1.0,14.521466729999995,35.429076376,0.29071689369190656
4957029,251,10.0,0.0,21.672161319172073,42.0,32.0,0.2,0,1.0,27.439855810000008,22.502259465999998,0.5494331919734765
5303313,251,10.0,0.0,21.672161319172073,78.0,32.0,0.2,0,1.0,3.655079890000007,46.288506136,0.07318416999726889
4644264,251,10.0,0.0,21.672161319172073,57.13,35.0,0.2,0,1.0,20.286607590000013,29.66248812599999,0.4061456428629934
5231633,251,10.0,0.0,21.672161319172073,77.0,39.0,0.2,0,1.0,11.051097489999995,38.90640409600001,0.22120997125878955
3815833,251,10.0,0.0,21.672161319172073,32.99,26.0,0.2,0,1.0,34.024914849999995,15.920731666000002,0.6812388510998686
3291463,251,10.0,0.0,21.672161319172073,43.63,35.0,0.2,0,1.0,26.497668730000008,23.420433695999993,0.5308228366509102
5090253,251,10.0,0.0,21.672161319172073,23.0,28.0,0.2,0,1.0,41.29482221800001,8.650739839999996,0.8267966264959797
5176593,251,10.0,0.0,21.672161319172073,62.0,28.0,0.2,0,1.0,15.926347100000017,33.99272552599999,0.3190433287758012
5284636,251,10.0,0.0,21.672161319172073,51.0,19.0,0.2,0,1.0,21.52283989000001,28.420352095999988,0.4309464220074933
5120344,251,10.0,0.0,21.672161319172073,74.0,43.0,0.2,0,1.0,14.113646049999987,35.810229936000006,0.28270333124691355
5109101,251,10.0,0.0,21.672161319172073,63.0,28.0,0.2,0,1.0,15.203838610000007,34.725829295999986,0.30450510182890644
5179882,251,10.0,0.0,21.672161319172073,55.0,25.0,0.2,0,1.0,19.764294670000005,30.182295976,0.3957085841970845
5029478,251,10.0,0.0,21.672161319172073,44.0,42.0,0.2,0,1.0,26.10161773,23.854836716000005,0.5224873946611707
4384955,251,10.0,0.0,21.672161319172073,57.26,11.0,0.2,0,1.0,8.092420549999984,41.860986935999996,0.16199937015844168
5061602,251,10.0,0.0,21.672161319172073,45.0,20.0,0.2,0,1.0,26.497668730000008,23.420433695999993,0.5308228366509102
4958406,251,10.0,0.0,21.672161319172073,34.0,36.0,0.2,0,1.0,30.90352640000001,19.056702576,0.6185625453167061
883889,251,10.0,0.0,21.672161319172073,73.17,44.0,0.2,0,1.0,14.821463589999995,35.093885115999996,0.29693198533577314
5288569,251,10.0,0.0,21.672161319172073,57.0,28.0,0.2,0,1.0,19.183837539999992,30.765213126000013,0.3840681110894127
3791062,251,10.0,0.0,21.672161319172073,19.71,29.0,0.2,0,1.0,44.35216080399999,5.594595287999994,0.8879888159764577
5255118,251,10.0,0.0,21.672161319172073,49.0,34.0,0.2,0,1.0,24.0064157,25.921450236,0.4808219868794834
3772909,251,10.0,0.0,21.672161319172073,25.91,22.0,0.2,0,1.0,45.11294371499999,4.8178910260000105,0.9035087025684376
5216078,251,10.0,0.0,21.672161319172073,44.0,8.0,0.2,0,1.0,33.107481750000005,16.799740476,0.6633805744602653
4977443,251,10.0,0.0,21.672161319172073,72.0,30.0,0.2,0,1.0,9.116110349999996,40.786354276,0.18267855943232011
3134786,251,10.0,0.0,21.672161319172073,13.74,43.0,0.2,0,1.0,39.01856316999999,10.907291906,0.7815301933357718
5078051,251,10.0,0.0,21.672161319172073,40.0,24.0,0.2,0,1.0,29.6484984,20.312796886000008,0.5934293382563284
5066124,251,10.0,0.0,21.672161319172073,21.0,34.0,0.2,0,1.0,38.76979374,11.179588116,0.7761816522929185
4994726,251,10.0,0.0,21.672161319172073,47.0,2.0,0.2,0,1.0,37.71859409,12.211611006000005,0.75542638003347
5082377,251,10.0,0.0,21.672161319172073,31.0,33.0,0.2,0,1.0,32.95801586,16.966068636,0.6601626488041188
5055843,251,10.0,0.0,21.672161319172073,51.0,40.0,0.2,0,1.0,23.42584957,26.508558796000013,0.4691324146327624
5343740,251,10.0,0.0,21.672161319172073,72.0,41.0,0.2,0,1.0,14.546341649999995,35.399782836,0.29124064779194964
5209508,251,10.0,0.0,21.672161319172073,65.0,26.0,0.2,0,1.0,12.781182250000017,37.172997195999976,0.2558581162126055
5058098,251,10.0,0.0,21.672161319172073,71.0,37.0,0.2,0,1.0,13.706658079999995,36.20441271600001,0.2746215992043689
5096479,251,10.0,0.0,21.672161319172073,25.0,31.0,0.2,0,1.0,37.54157717,12.416400586000009,0.7514631067205519
5136999,251,10.0,0.0,21.672161319172073,54.0,43.0,0.2,0,1.0,22.35331417,27.564777546,0.44779985375192544
5063044,251,10.0,0.0,21.672161319172073,52.0,5.0,0.2,0,1.0,11.66929155999999,38.26862638600001,0.2336759728873457
5382059,251,10.0,0.0,21.672161319172073,10.0,42.0,0.2,0,1.0,42.04639575699999,7.879229742000004,0.8421806504525852
5152869,251,10.0,0.0,21.672161319172073,57.0,45.0,0.2,0,1.0,21.449994840000016,28.50740736599999,0.4293656974305966
2544367,251,10.0,0.0,21.672161319172073,52.82,23.0,0.2,0,1.0,20.90046908,29.052234326000004,0.4184051643837472
5294970,251,10.0,0.0,21.672161319172073,44.0,26.0,0.2,0,1.0,26.7696378,23.178658696000014,0.5359469627186141
5184883,251,10.0,0.0,21.672161319172073,52.0,26.0,0.2,0,1.0,21.86736733,28.044109016000014,0.4381230316332345
4981069,251,10.0,0.0,21.672161319172073,9.0,41.0,0.2,0,1.0,43.750503051,6.189930134000008,0.8760537356360136
5128803,251,10.0,0.0,21.672161319172073,60.0,15.0,0.2,0,1.0,8.35155478,41.58106642599999,0.16725648640685548
4986195,251,10.0,0.0,21.672161319172073,35.0,33.0,0.2,0,1.0,30.90829393000001,19.047167516,0.6187170138226172
1567560,251,10.0,0.0,21.672161319172073,33.55,22.0,0.2,0,1.0,35.39650388999999,14.530440826000008,0.7089659519793635
5266614,251,10.0,0.0,21.672161319172073,50.0,19.0,0.2,0,1.0,22.36918897,27.548902746,0.4481178707164023
3529730,251,10.0,0.0,21.672161319172073,21.8,28.0,0.2,0,1.0,42.686150997,7.240710591999996,0.8549736482215561
4449004,251,10.0,0.0,21.672161319172073,16.84,40.0,0.2,0,1.0,38.53571325000001,11.378358965999999,0.7720410605498012
3380837,251,10.0,0.0,21.672161319172073,27.04,28.0,0.2,0,1.0,37.55868215,12.393070146000008,0.7518991911922895
4973650,251,10.0,0.0,21.672161319172073,70.0,45.0,0.2,0,1.0,16.43661717,33.494119805999986,0.32918835501868365
5129245,251,10.0,0.0,21.672161319172073,85.0,43.0,0.2,0,1.0,7.701655319999998,42.241935976,0.15420707882928766
5236971,251,10.0,0.0,21.672161319172073,54.0,13.0,0.2,0,1.0,16.71444323,33.241054206,0.3345866638884649
5140582,251,10.0,0.0,21.672161319172073,70.0,36.0,0.2,0,1.0,13.947458489999974,36.00327653600002,0.2792242893470966
942747,251,10.0,0.0,21.672161319172073,30.27,43.0,0.2,0,1.0,31.29419236000001,18.616563696,0.6270029715616378
5063900,251,10.0,0.0,21.672161319172073,31.0,36.0,0.2,0,1.0,32.31079323000001,17.624627425999993,0.6470515879416687
2544376,251,10.0,0.0,21.672161319172073,52.82,16.0,0.2,0,1.0,18.959981019999987,30.942289926000015,0.3799422483300784
5109592,251,10.0,0.0,21.672161319172073,72.0,36.0,0.2,0,1.0,12.773385000000017,37.18079444599997,0.2557020281717955
5162300,251,10.0,0.0,21.672161319172073,70.0,42.0,0.2,0,1.0,15.68157681000001,34.258752976,0.3140062726297033
5190663,251,10.0,0.0,21.672161319172073,33.0,40.0,0.2,0,1.0,30.64038466000001,19.276828935999983,0.6138240188642121
4384958,251,10.0,0.0,21.672161319172073,57.26,36.0,0.2,0,1.0,20.340048380000013,29.601663276,0.40727575618759054
5004555,251,10.0,0.0,21.672161319172073,41.0,40.0,0.2,0,1.0,27.381666890000005,22.568890315999997,0.5481754042717857
3291469,251,10.0,0.0,21.672161319172073,43.63,25.0,0.2,0,1.0,27.10347234000001,22.816100675999998,0.54294279182462
5147264,251,10.0,0.0,21.672161319172073,47.0,37.0,0.2,0,1.0,24.95609236000001,24.997747625999995,0.4995830624231124
5103186,251,10.0,0.0,21.672161319172073,85.0,45.0,0.2,0,1.0,8.912047890000009,41.02098247599999,0.17848001262243296
990833,251,10.0,0.0,21.672161319172073,53.34,31.0,0.2,0,1.0,21.620495590000008,28.308556736,0.4330243532129163
5213718,251,10.0,0.0,21.672161319172073,22.0,40.0,0.2,0,1.0,35.709610109999986,14.245288006000012,0.7148370121199906
990834,251,10.0,0.0,21.672161319172073,53.34,29.0,0.2,0,1.0,21.46954805000001,28.484295045999993,0.4297877144054841
5141534,251,10.0,0.0,21.672161319172073,66.0,30.0,0.2,0,1.0,14.014136279999981,35.92314407600001,0.28063475183458153
75579,251,10.0,0.0,21.672161319172073,82.43,37.0,0.2,0,1.0,4.418450460000008,45.507313326,0.0885004079044057
4962253,251,10.0,0.0,21.672161319172073,17.0,35.0,0.2,0,1.0,41.30943715400001,8.632858687999997,0.8271433352741462
5003112,251,10.0,0.0,21.672161319172073,68.0,42.0,0.2,0,1.0,16.57349277,33.336405465999995,0.332068254109273
5130225,251,10.0,0.0,21.672161319172073,40.0,39.0,0.2,0,1.0,27.83668989,22.066442756,0.5578144780502323
5152623,251,10.0,0.0,21.672161319172073,82.0,40.0,0.2,0,1.0,7.888193919999987,42.02913842600001,0.15802514976808624
5146014,251,10.0,0.0,21.672161319172073,48.0,5.0,0.2,0,1.0,25.9374327,23.977724796,0.5196303888669193
5246451,251,10.0,0.0,21.672161319172073,13.0,37.0,0.2,0,1.0,43.356967354000005,6.55570929799999,0.8686564268290488
5142414,251,10.0,0.0,21.672161319172073,22.0,28.0,0.2,0,1.0,42.41411454200001,7.537882921999983,0.8490974674749999
1283998,251,10.0,0.0,21.672161319172073,38.59,19.0,0.2,0,1.0,32.21266334000001,17.731607165999993,0.6449721462270668
5036599,251,10.0,0.0,21.672161319172073,48.0,29.0,0.2,0,1.0,24.39274939000001,25.55878574599999,0.4883283231153428
4384955,251,10.0,0.0,21.672161319172073,57.26,11.0,0.2,0,1.0,8.092420549999984,41.860986935999996,0.16199937015844168
1305583,251,10.0,0.0,21.672161319172073,55.47,45.0,0.2,0,1.0,21.98979334999999,27.969882626000015,0.4401508400607644
5385551,251,10.0,0.0,21.672161319172073,81.0,43.0,0.2,0,1.0,10.442108690000003,39.511887716,0.2090345005659206
4940937,251,10.0,0.0,21.672161319172073,54.0,40.0,0.2,0,1.0,22.14050533,27.798300905999998,0.44335271502824397
5136279,251,10.0,0.0,21.672161319172073,57.0,34.0,0.2,0,1.0,20.23818564000001,29.722020855999993,0.4050861087137491
3791048,251,10.0,0.0,21.672161319172073,19.71,28.0,0.2,0,1.0,46.14412938900001,3.8093299479999967,0.9237424194728698
5161738,251,10.0,0.0,21.672161319172073,70.0,32.0,0.2,0,1.0,12.140664889999995,37.812084836,0.2430429747430076
3291466,251,10.0,0.0,21.672161319172073,43.63,34.0,0.2,0,1.0,26.51010655000001,23.405071436,0.5311031157183382
919966,251,10.0,0.0,21.672161319172073,36.41,40.0,0.2,0,1.0,29.264419360000005,20.678217546,0.5859606375025873
5121594,251,10.0,0.0,21.672161319172073,48.0,27.0,0.2,0,1.0,24.32737318,25.627352465999994,0.4869884253272434
942745,251,10.0,0.0,21.672161319172073,30.27,42.0,0.2,0,1.0,31.51953166000001,18.434889945999988,0.6309658013578965
201752,251,10.0,0.0,21.672161319172073,33.46,17.0,0.2,0,1.0,39.541862150000014,10.390104245999998,0.7919147793299737
883883,251,10.0,0.0,21.672161319172073,73.17,40.0,0.2,0,1.0,13.59358764,36.33105537600001,0.27228211998718715
5225469,251,10.0,0.0,21.672161319172073,31.0,39.0,0.2,0,1.0,31.64979360000001,18.283997765999988,0.6338351792279568
5063310,251,10.0,0.0,21.672161319172073,59.0,14.0,0.2,0,1.0,9.429750469999988,40.50956983600001,0.1888241652513449
4994243,251,10.0,0.0,21.672161319172073,52.0,11.0,0.2,0,1.0,18.630448839999982,31.318443906000013,0.37299022692533945
5034545,251,10.0,0.0,21.672161319172073,37.0,18.0,0.2,0,1.0,34.24112787999999,15.672904456000008,0.6860020374531817
5176593,251,10.0,0.0,21.672161319172073,62.0,28.0,0.2,0,1.0,15.926347100000017,33.99272552599999,0.3190433287758012
4985696,251,10.0,0.0,21.672161319172073,35.0,21.0,0.2,0,1.0,34.57727543,15.369847256000002,0.6922776242262277
5142795,251,10.0,0.0,21.672161319172073,8.0,40.0,0.2,0,1.0,46.25616376300001,3.6847618199999927,0.9262175905435304
5251184,251,10.0,0.0,21.672161319172073,61.0,22.0,0.2,0,1.0,13.947458489999974,36.00327653600002,0.2792242893470966
2927086,251,10.0,0.0,21.672161319172073,64.17,18.0,0.2,0,1.0,4.4681945700000085,45.446245766000004,0.08951707241275819
247597,251,10.0,0.0,21.672161319172073,33.83,36.0,0.2,0,1.0,30.92073354000001,19.032348605999992,0.6189955096189393
5351035,251,10.0,0.0,21.672161319172073,79.0,41.0,0.2,0,1.0,10.675802019999997,39.253640376,0.2138177697905809
5032866,251,10.0,0.0,21.672161319172073,44.0,35.0,0.2,0,1.0,26.29645824,23.639268086000012,0.5266061029797865
2927096,251,10.0,0.0,21.672161319172073,64.17,20.0,0.2,0,1.0,8.358809860000001,41.57381134599999,0.16740178380612614
4970381,251,10.0,0.0,21.672161319172073,68.0,40.0,0.2,0,1.0,16.154463170000007,33.801451755999985,0.323374383072149
5370395,251,10.0,0.0,21.672161319172073,65.0,24.0,0.2,0,1.0,11.35645717,38.557554956,0.2275204233499088
5184148,251,10.0,0.0,21.672161319172073,64.0,39.0,0.2,0,1.0,17.762128469999983,32.14557915600001,0.35589950560555506
5361020,251,10.0,0.0,21.672161319172073,53.0,35.0,0.2,0,1.0,22.15640045,27.775483786,0.4437325125821234
5078078,251,10.0,0.0,21.672161319172073,12.0,42.0,0.2,0,1.0,40.598332596000006,9.350585503999987,0.8127970362585293
3815857,251,10.0,0.0,21.672161319172073,32.99,39.0,0.2,0,1.0,30.78920925000001,19.113612566,0.6169833313940629
5348956,251,10.0,0.0,21.672161319172073,20.0,27.0,0.2,0,1.0,48.387483636999995,1.5214407620000046,0.9695156571631008
5309522,251,10.0,0.0,21.672161319172073,49.0,18.0,0.2,0,1.0,23.20024975,26.757455456,0.4643978272087168
919964,251,10.0,0.0,21.672161319172073,36.41,30.0,0.2,0,1.0,30.70979408000001,19.205013395999988,0.6152441656669891
5140415,251,10.0,0.0,21.672161319172073,12.0,40.0,0.2,0,1.0,41.862662945,8.083010516000003,0.8381639498301768
1305555,251,10.0,0.0,21.672161319172073,55.47,21.0,0.2,0,1.0,18.26650620999999,31.647701466000004,0.3659580520354125
5157273,251,10.0,0.0,21.672161319172073,45.0,22.0,0.2,0,1.0,26.333767639999994,23.596069516000014,0.5274154521618643
4971171,251,10.0,0.0,21.672161319172073,67.0,37.0,0.2,0,1.0,15.86386452000002,34.06369508599998,0.317737631183832
2544369,251,10.0,0.0,21.672161319172073,52.82,24.0,0.2,0,1.0,21.014447220000008,28.920170466,0.4208392532840349
4996555,251,10.0,0.0,21.672161319172073,38.0,19.0,0.2,0,1.0,32.78959425,17.160100096,0.6564523502960296
5390354,251,10.0,0.0,21.672161319172073,38.0,29.0,0.2,0,1.0,29.934814620000008,19.993769875999988,0.5995526394784578
5086495,251,10.0,0.0,21.672161319172073,78.0,37.0,0.2,0,1.0,9.06863123,40.843996696,0.18169011744773425
5188474,251,10.0,0.0,21.672161319172073,3.0,45.0,0.2,0,1.0,46.36486463400001,3.5539593979999933,0.9288052259459926
5218857,251,10.0,0.0,21.672161319172073,45.0,45.0,0.2,0,1.0,25.6860559,24.253191645999998,0.5143460737236796
3534511,251,10.0,0.0,21.672161319172073,28.15,40.0,0.2,0,1.0,32.80417736,17.141222115999998,0.6568007805356171
3023221,251,10.0,0.0,21.672161319172073,18.42,32.0,0.2,0,1.0,42.42844010000001,7.520722625999981,0.8494324586128603
247623,251,10.0,0.0,21.672161319172073,33.83,32.0,0.2,0,1.0,31.64979360000001,18.283997765999988,0.6338351792279567
5324105,251,10.0,0.0,21.672161319172073,51.0,7.0,0.2,0,1.0,17.782994869999992,32.124712756,0.3563176053539221
5047663,251,10.0,0.0,21.672161319172073,33.0,26.0,0.2,0,1.0,34.002036149999995,15.943610366,0.6807807791437339
5285968,251,10.0,0.0,21.672161319172073,13.0,38.0,0.2,0,1.0,42.563119871000026,7.3776018839999775,0.8522728221631809
5007504,251,10.0,0.0,21.672161319172073,21.0,39.0,0.2,0,1.0,36.58685623,13.342115695999999,0.7327780809151364
5047250,251,10.0,0.0,21.672161319172073,59.0,31.0,0.2,0,1.0,18.64679527999999,31.294278776000013,0.3733759361901375
5014471,251,10.0,0.0,21.672161319172073,37.0,17.0,0.2,0,1.0,35.00944839,14.899697075999999,0.7014635907531169
4955065,251,10.0,0.0,21.672161319172073,70.0,40.0,0.2,0,1.0,15.199512510000007,34.73448149599999,0.3043920842417224
5372808,251,10.0,0.0,21.672161319172073,33.0,16.0,0.2,0,1.0,41.833716709,8.116026438000004,0.8375161527034307
990847,251,10.0,0.0,21.672161319172073,53.34,19.0,0.2,0,1.0,19.455548489999988,30.459117686000013,0.3897761916587678
990846,251,10.0,0.0,21.672161319172073,53.34,34.0,0.2,0,1.0,21.993282369999992,27.962904586000015,0.4402514224988999
919935,251,10.0,0.0,21.672161319172073,36.41,25.0,0.2,0,1.0,31.866925970000004,18.048720075999995,0.6384155769642426
5021489,251,10.0,0.0,21.672161319172073,51.0,24.0,0.2,0,1.0,22.324996,27.603433786,0.4471399580497114
883876,251,10.0,0.0,21.672161319172073,73.17,31.0,0.2,0,1.0,8.912047890000009,41.02098247599999,0.17848001262243296
5220070,251,10.0,0.0,21.672161319172073,7.0,41.0,0.2,0,1.0,46.260877626,3.675334093999993,0.9263994210332144
4945128,251,10.0,0.0,21.672161319172073,20.0,44.0,0.2,0,1.0,35.50688934999999,14.409160946000009,0.7113321094005973
5166730,251,10.0,0.0,21.672161319172073,64.0,18.0,0.2,0,1.0,5.063985809999995,44.856389756000006,0.10144126025864672
430217,251,10.0,0.0,21.672161319172073,70.17,25.0,0.2,0,1.0,5.8820746800000165,44.06849895599999,0.1177579004970772
5009595,251,10.0,0.0,21.672161319172073,39.0,32.0,0.2,0,1.0,28.89797529,21.008506426000004,0.579042527069892
5120344,251,10.0,0.0,21.672161319172073,74.0,43.0,0.2,0,1.0,14.113646049999987,35.810229936000006,0.28270333124691355
3534504,251,10.0,0.0,21.672161319172073,28.15,24.0,0.2,0,1.0,39.21568995,10.687130306000004,0.7858411558469975
5104695,251,10.0,0.0,21.672161319172073,39.0,15.0,0.2,0,1.0,34.002036149999995,15.943610366,0.6807807791437339
5286783,251,10.0,0.0,21.672161319172073,33.0,27.0,0.2,0,1.0,33.61944149999999,16.304399666,0.6734145593527786
5062802,251,10.0,0.0,21.672161319172073,40.0,31.0,0.2,0,1.0,28.587363430000003,21.361403965999997,0.5723337115279713
1567571,251,10.0,0.0,21.672161319172073,33.55,41.0,0.2,0,1.0,30.31027978000001,19.645840865999986,0.6067380610833512
4933871,251,10.0,0.0,21.672161319172073,42.0,18.0,0.2,0,1.0,29.40423250000001,20.520370185999997,0.5889727893266865
990836,251,10.0,0.0,21.672161319172073,53.34,28.0,0.2,0,1.0,21.28473980000002,28.62117348599999,0.4264973506851137
1130375,251,10.0,0.0,21.672161319172073,42.34,21.0,0.2,0,1.0,28.479850800000005,21.476939376,0.5700896854994929
3534519,251,10.0,0.0,21.672161319172073,28.15,28.0,0.2,0,1.0,36.62340842,13.293890766000002,0.7336816898593652
5427120,251,10.0,0.0,21.672161319172073,55.0,23.0,0.2,0,1.0,19.22021925999999,30.717327226000013,0.3848851337818205
5217146,251,10.0,0.0,21.672161319172073,53.0,17.0,0.2,0,1.0,19.21638929999999,30.724987146000014,0.3847789281654671
2927080,251,10.0,0.0,21.672161319172073,64.17,19.0,0.2,0,1.0,6.767287740000016,43.15308974599999,0.13556162995558033
4384947,251,10.0,0.0,21.672161319172073,57.26,30.0,0.2,0,1.0,19.359849699999987,30.562424406000012,0.3877998357785787
5053302,251,10.0,0.0,21.672161319172073,74.0,38.0,0.2,0,1.0,12.344326529999995,37.584943496,0.2472362709002525
5158232,251,10.0,0.0,21.672161319172073,57.0,43.0,0.2,0,1.0,21.20654065000001,28.706522085999993,0.4248695529297726
3815836,251,10.0,0.0,21.672161319172073,32.99,37.0,0.2,0,1.0,31.16588820000001,18.763562605999986,0.6241984980186247
5078712,251,10.0,0.0,21.672161319172073,58.0,18.0,0.2,0,1.0,14.446841949999996,35.508125006,0.2891973077016481
3908271,251,10.0,0.0,21.672161319172073,10.99,37.0,0.2,0,1.0,46.068525186,3.885915154000009,0.9222108159444548
5318056,251,10.0,0.0,21.672161319172073,66.0,35.0,0.2,0,1.0,15.85142813000002,34.08038295599999,0.31746150971168113
5245604,251,10.0,0.0,21.672161319172073,67.0,24.0,0.2,0,1.0,9.111031559999997,40.79651185600001,0.1825582053609769
4998903,251,10.0,0.0,21.672161319172073,47.0,30.0,0.2,0,1.0,24.95609236000001,24.997747625999995,0.4995830624231124
5087817,251,10.0,0.0,21.672161319172073,5.0,45.0,0.2,0,1.0,44.004079497,5.9074097319999925,0.8816422867108598
5118088,251,10.0,0.0,21.672161319172073,50.0,3.0,0.2,0,1.0,15.377960930000004,34.54307097599999,0.3080457342900344
1130384,251,10.0,0.0,21.672161319172073,42.34,14.0,0.2,0,1.0,30.90829393000001,19.047167516,0.6187170138226172
5041127,251,10.0,0.0,21.672161319172073,67.0,34.0,0.2,0,1.0,14.920968620000007,34.98563584599999,0.2989778362934961
919959,251,10.0,0.0,21.672161319172073,36.41,22.0,0.2,0,1.0,32.89977701,17.032801745999993,0.6588839957729341
5336942,251,10.0,0.0,21.672161319172073,69.0,26.0,0.2,0,1.0,8.784743370000001,41.158526116,0.1758944390387282
5153487,251,10.0,0.0,21.672161319172073,23.0,33.0,0.2,0,1.0,37.86602112,12.052038576,0.7585635609757936
5035885,251,10.0,0.0,21.672161319172073,50.0,28.0,0.2,0,1.0,23.235133739999995,26.712562176,0.4651893008053044
4972419,251,10.0,0.0,21.672161319172073,28.0,29.0,0.2,0,1.0,36.27543716,13.680599686000008,0.7261472176391147
4949920,251,10.0,0.0,21.672161319172073,89.0,43.0,0.2,0,1.0,3.151793940000009,46.781707946000004,0.0631198257874176
5065889,251,10.0,0.0,21.672161319172073,18.0,29.0,0.2,0,1.0,48.39329324199999,1.509821552000005,0.9697449436125872
5152345,251,10.0,0.0,21.672161319172073,38.0,33.0,0.2,0,1.0,29.35921697000001,20.570522446,0.5880106187894871
5133299,251,10.0,0.0,21.672161319172073,48.0,37.0,0.2,0,1.0,24.51739226,25.418250365999988,0.4909798086234006
5364892,251,10.0,0.0,21.672161319172073,51.0,43.0,0.2,0,1.0,23.49465332,26.429832546,0.470603811185175
2927111,251,10.0,0.0,21.672161319172073,64.17,42.0,0.2,0,1.0,18.262560149999988,31.655593586000013,0.36585007223192617
3815850,251,10.0,0.0,21.672161319172073,32.99,17.0,0.2,0,1.0,40.307375409,9.610272687999993,0.8074774542797908
5081645,251,10.0,0.0,21.672161319172073,48.0,8.0,0.2,0,1.0,24.77573294,25.128419126,0.4964663643063852
5196870,251,10.0,0.0,21.672161319172073,43.0,25.0,0.2,0,1.0,27.47716662000001,22.459337956,0.5502420894955034
5104939,251,10.0,0.0,21.672161319172073,58.0,31.0,0.2,0,1.0,19.203952439999988,30.741258726000012,0.3845003753447538
3815854,251,10.0,0.0,21.672161319172073,32.99,31.0,0.2,0,1.0,32.371545510000004,17.550682606,0.6484395174586564
4723625,251,10.0,0.0,21.672161319172073,24.5,38.0,0.2,0,1.0,35.09341929,14.866700175999998,0.7024286503934918
5322902,251,10.0,0.0,21.672161319172073,31.0,32.0,0.2,0,1.0,33.31900390999999,16.635774096000002,0.6669833245179889
5190377,251,10.0,0.0,21.672161319172073,59.0,43.0,0.2,0,1.0,20.455648280000005,29.475021496,0.4096810311531681
5057874,251,10.0,0.0,21.672161319172073,37.0,33.0,0.2,0,1.0,29.87756149000001,20.061031575999987,0.5982860079881133
2544389,251,10.0,0.0,21.672161319172073,52.82,41.0,0.2,0,1.0,22.71305597,27.229618356000003,0.4547825337053617
883884,251,10.0,0.0,21.672161319172073,73.17,39.0,0.2,0,1.0,13.264424670000004,36.696659196000006,0.2654951342844433
5018164,251,10.0,0.0,21.672161319172073,38.0,20.0,0.2,0,1.0,32.32984441000001,17.601167765999996,0.6474902670917568
5085222,251,10.0,0.0,21.672161319172073,22.0,39.0,0.2,0,1.0,36.02740528,13.894028045999999,0.7216821088595682
5094667,251,10.0,0.0,21.672161319172073,46.0,38.0,0.2,0,1.0,25.313459600000005,24.597107645999998,0.5071763555648371
387648,251,10.0,0.0,21.672161319172073,47.35,21.0,0.2,0,1.0,24.66979594000001,25.25635834599999,0.4941257001025967
247625,251,10.0,0.0,21.672161319172073,33.83,34.0,0.2,0,1.0,31.27942531000001,18.635986935999988,0.6266486422238574
5187198,251,10.0,0.0,21.672161319172073,42.0,19.0,0.2,0,1.0,29.15713631,20.793277816000003,0.5837216131271921
5207713,251,10.0,0.0,21.672161319172073,65.0,42.0,0.2,0,1.0,17.886490709999993,32.067397916000004,0.3580600269963855
4449008,251,10.0,0.0,21.672161319172073,16.84,33.0,0.2,0,1.0,43.249029309000015,6.685357917999988,0.8661171531432121
4979479,251,10.0,0.0,21.672161319172073,60.0,24.0,0.2,0,1.0,15.797423430000013,34.134387655999994,0.31637994069134273
5257456,251,10.0,0.0,21.672161319172073,42.0,20.0,0.2,0,1.0,28.88292226,21.028799176000007,0.578680146246519
1130385,251,10.0,0.0,21.672161319172073,42.34,31.0,0.2,0,1.0,27.36641099000001,22.584146216,0.5478699842554066
5322779,251,10.0,0.0,21.672161319172073,29.0,42.0,0.2,0,1.0,31.955031500000004,17.947123505999986,0.6403537381533501
5145267,251,10.0,0.0,21.672161319172073,35.0,38.0,0.2,0,1.0,30.034305830000008,19.881837506,0.6016952397109369
1567556,251,10.0,0.0,21.672161319172073,33.55,37.0,0.2,0,1.0,30.90829393000001,19.047167516,0.6187170138226172
2426878,251,10.0,0.0,21.672161319172073,71.9,26.0,0.2,0,1.0,4.356260940000008,45.580854906000006,0.08723493269884043
5172127,251,10.0,0.0,21.672161319172073,30.0,17.0,0.2,0,1.0,48.509867535,1.4502025360000017,0.9709727681738825
5354146,251,10.0,0.0,21.672161319172073,75.0,37.0,0.2,0,1.0,11.21485843,38.70877603600001,0.22464026407447893
5021422,251,10.0,0.0,21.672161319172073,49.0,3.0,0.2,0,1.0,21.20295936000001,28.713684665999995,0.4247673250821121
5065190,251,10.0,0.0,21.672161319172073,77.0,41.0,0.2,0,1.0,11.893165839999995,38.030488236,0.238227070115796
4990323,251,10.0,0.0,21.672161319172073,59.0,15.0,0.2,0,1.0,10.20581891,39.705732526,0.20447809407580925
5179882,251,10.0,0.0,21.672161319172073,55.0,25.0,0.2,0,1.0,19.764294670000005,30.182295976,0.3957085841970845
1284024,251,10.0,0.0,21.672161319172073,38.59,39.0,0.2,0,1.0,28.40523573000001,21.497421446,0.569212890404183
4723636,251,10.0,0.0,21.672161319172073,24.5,34.0,0.2,0,1.0,36.46145322,13.479293366000002,0.730094275967859
5028114,251,10.0,0.0,21.672161319172073,49.0,8.0,0.2,0,1.0,22.875842069999994,27.053277686000005,0.4581663402397755
2544351,251,10.0,0.0,21.672161319172073,52.82,9.0,0.2,0,1.0,15.461206049999996,34.442617995999996,0.3098200658079484
5190987,251,10.0,0.0,21.672161319172073,72.0,45.0,0.2,0,1.0,15.606581610000005,34.346566276,0.3124243870599784
4988360,251,10.0,0.0,21.672161319172073,71.0,35.0,0.2,0,1.0,12.885324390000017,37.05033803599999,0.2580385192465378
5221511,251,10.0,0.0,21.672161319172073,78.0,41.0,0.2,0,1.0,11.297095529999998,38.62653893600001,0.2262875219490234
3520815,251,10.0,0.0,21.672161319172073,25.53,28.0,0.2,0,1.0,38.77258753,11.174000536,0.7762810039950166
5110914,251,10.0,0.0,21.672161319172073,54.0,10.0,0.2,0,1.0,14.235414489999993,35.675106716,0.2852187103245213
5352152,251,10.0,0.0,21.672161319172073,62.0,39.0,0.2,0,1.0,18.69654180999999,31.240630286000012,0.3744012931700951
990844,251,10.0,0.0,21.672161319172073,53.34,23.0,0.2,0,1.0,20.455648280000005,29.475021496,0.4096810311531681
5342039,251,10.0,0.0,21.672161319172073,34.0,31.0,0.2,0,1.0,31.84770853,18.072456855999995,0.6379728168715487
5202387,251,10.0,0.0,21.672161319172073,54.0,29.0,0.2,0,1.0,21.018050920000007,28.912963066,0.4209418003386271
383892,251,10.0,0.0,21.672161319172073,84.13,41.0,0.2,0,1.0,6.836535980000018,43.073094076000004,0.1369782940151877
5326342,251,10.0,0.0,21.672161319172073,13.0,39.0,0.2,0,1.0,41.82757403299999,8.128311790000003,0.8372902080287469
2544365,251,10.0,0.0,21.672161319172073,52.82,31.0,0.2,0,1.0,21.93110045,27.969882626000015,0.43949235261755415
5190064,251,10.0,0.0,21.672161319172073,42.0,41.0,0.2,0,1.0,26.91888116,23.017883026000003,0.5390593803742459
247611,251,10.0,0.0,21.672161319172073,33.83,35.0,0.2,0,1.0,31.06168568000001,18.872467935999985,0.622052912298631
5352152,251,10.0,0.0,21.672161319172073,62.0,39.0,0.2,0,1.0,18.69654180999999,31.240630286000012,0.3744012931700951
5070328,251,10.0,0.0,21.672161319172073,37.0,40.0,0.2,0,1.0,28.93266999,20.973811725999997,0.5797377213373909
5043918,251,10.0,0.0,21.672161319172073,62.0,30.0,0.2,0,1.0,16.57349277,33.336405465999995,0.332068254109273
4342675,251,10.0,0.0,21.672161319172073,87.98,45.0,0.2,0,1.0,6.607277420000008,43.323874676,0.13232775817582862
5279326,251,10.0,0.0,21.672161319172073,49.0,5.0,0.2,0,1.0,22.725491639999994,27.213787846,0.4550624653359461
3815852,251,10.0,0.0,21.672161319172073,32.99,24.0,0.2,0,1.0,34.80103527000001,15.119404325999993,0.6971299842637709
5087593,251,10.0,0.0,21.672161319172073,60.0,23.0,0.2,0,1.0,15.369836580000005,34.55119532599999,0.3078829902583145
5347255,251,10.0,0.0,21.672161319172073,22.0,41.0,0.2,0,1.0,35.39832528999999,14.526798026000009,0.7090282995586621
5082428,251,10.0,0.0,21.672161319172073,63.0,36.0,0.2,0,1.0,17.60922925999999,32.314549215999996,0.35272228580345394
5390354,251,10.0,0.0,21.672161319172073,38.0,29.0,0.2,0,1.0,29.934814620000008,19.993769875999988,0.5995526394784578
5047924,251,10.0,0.0,21.672161319172073,78.0,40.0,0.2,0,1.0,10.722887329999997,39.19189565599999,0.21482387959109286
3772930,251,10.0,0.0,21.672161319172073,25.91,35.0,0.2,0,1.0,35.19896971,14.740788216000006,0.7048286009346965
4973650,251,10.0,0.0,21.672161319172073,70.0,45.0,0.2,0,1.0,16.43661717,33.494119805999986,0.32918835501868365
5154779,251,10.0,0.0,21.672161319172073,54.0,9.0,0.2,0,1.0,12.835570270000016,37.104712706,0.25701837284679496
5002904,251,10.0,0.0,21.672161319172073,48.0,22.0,0.2,0,1.0,24.19941929000001,25.712335275999994,0.4848440913452621
2927103,251,10.0,0.0,21.672161319172073,64.17,28.0,0.2,0,1.0,14.40152335,35.553443605999995,0.2882901186319424
5026811,251,10.0,0.0,21.672161319172073,9.0,42.0,0.2,0,1.0,42.87039626899999,7.033044687999997,0.8590669390100749
5107012,251,10.0,0.0,21.672161319172073,52.0,30.0,0.2,0,1.0,22.33743095,27.587548446,0.4474199332727152
4986565,251,10.0,0.0,21.672161319172073,36.0,34.0,0.2,0,1.0,30.17852579000001,19.725253515999988,0.604734274832199
1284000,251,10.0,0.0,21.672161319172073,38.59,23.0,0.2,0,1.0,30.90829393000001,19.047167516,0.6187170138226172
4982642,251,10.0,0.0,21.672161319172073,74.0,34.0,0.2,0,1.0,10.238183770000004,39.668426206,0.2051468487826268
1305566,251,10.0,0.0,21.672161319172073,55.47,26.0,0.2,0,1.0,19.641035080000005,30.313097216000003,0.3931813881506001
5047514,251,10.0,0.0,21.672161319172073,80.0,34.0,0.2,0,1.0,3.562255930000002,46.392866696000006,0.07130912192268275
4991462,251,10.0,0.0,21.672161319172073,64.0,34.0,0.2,0,1.0,16.57349277,33.336405465999995,0.332068254109273
5169724,251,10.0,0.0,21.672161319172073,60.0,30.0,0.2,0,1.0,17.762128469999983,32.14557915600001,0.35589950560555506
5279410,251,10.0,0.0,21.672161319172073,73.0,27.0,0.2,0,1.0,4.002359770000012,45.906787176,0.08019291081713796
5317249,251,10.0,0.0,21.672161319172073,73.0,42.0,0.2,0,1.0,14.310031899999998,35.59604899599999,0.2867392438572943
5043245,251,10.0,0.0,21.672161319172073,53.0,24.0,0.2,0,1.0,20.90771677,29.037738946000005,0.41861099213681263
387650,251,10.0,0.0,21.672161319172073,47.35,12.0,0.2,0,1.0,25.313459600000005,24.597107645999998,0.5071763555648371
5110796,251,10.0,0.0,21.672161319172073,56.0,34.0,0.2,0,1.0,20.66416147,29.244547566000012,0.41403919013602586
5391930,251,10.0,0.0,21.672161319172073,82.0,37.0,0.2,0,1.0,5.063985809999995,44.856389756000006,0.10144126025864672
5171630,251,10.0,0.0,21.672161319172073,30.0,25.0,0.2,0,1.0,36.74690397,13.157178726,0.7363506547921259
4991316,251,10.0,0.0,21.672161319172073,50.0,43.0,0.2,0,1.0,23.906379890000004,26.037698036,0.4786629543030319
3791065,251,10.0,0.0,21.672161319172073,19.71,41.0,0.2,0,1.0,36.58518039,13.345467376000002,0.7327199230712259
990842,251,10.0,0.0,21.672161319172073,53.34,39.0,0.2,0,1.0,22.35331417,27.564777546,0.44779985375192544
5305191,251,10.0,0.0,21.672161319172073,85.0,41.0,0.2,0,1.0,6.018872670000018,43.920737526,0.12052302063186925
4938406,251,10.0,0.0,21.672161319172073,68.0,34.0,0.2,0,1.0,14.310031899999998,35.59604899599999,0.2867392438572943
5341723,251,10.0,0.0,21.672161319172073,49.0,44.0,0.2,0,1.0,24.233921790000004,25.671415975999995,0.4855977912348752
5212159,251,10.0,0.0,21.672161319172073,56.0,35.0,0.2,0,1.0,20.84191108,29.114422966000014,0.4172025725668476
5355182,251,10.0,0.0,21.672161319172073,23.0,32.0,0.2,0,1.0,38.43858288000001,11.486988266,0.7699177395005059
5200559,251,10.0,0.0,21.672161319172073,41.0,27.0,0.2,0,1.0,28.48252848000001,21.471584015999998,0.5701738466934169
5126118,251,10.0,0.0,21.672161319172073,50.0,13.0,0.2,0,1.0,21.993282369999992,27.962904586000015,0.4402514224988999
942746,251,10.0,0.0,21.672161319172073,30.27,41.0,0.2,0,1.0,31.64522908000001,18.293126805999986,0.6336858416452515
5119762,251,10.0,0.0,21.672161319172073,64.0,43.0,0.2,0,1.0,18.473362909999988,31.479446576000004,0.3698162946205743
5383552,251,10.0,0.0,21.672161319172073,46.0,7.0,0.2,0,1.0,29.48908059,20.425287026,0.5907934328020477
4956905,251,10.0,0.0,21.672161319172073,38.0,13.0,0.2,0,1.0,38.12624996,11.828573946000006,0.7632145802724111
5201149,251,10.0,0.0,21.672161319172073,46.0,3.0,0.2,0,1.0,38.82512172999999,11.118679586000004,0.7773761849713665
5136983,251,10.0,0.0,21.672161319172073,53.0,14.0,0.2,0,1.0,18.424278219999987,31.536379056000005,0.3687757372409632
5221580,251,10.0,0.0,21.672161319172073,25.0,30.0,0.2,0,1.0,37.97903207,11.925507746,0.7610336095679909
5176761,251,10.0,0.0,21.672161319172073,45.0,6.0,0.2,0,1.0,33.95228697,15.995356425999999,0.6797575353218572
972808,251,10.0,0.0,21.672161319172073,73.09,42.0,0.2,0,1.0,14.235414489999993,35.675106716,0.2852187103245213
5152345,251,10.0,0.0,21.672161319172073,38.0,33.0,0.2,0,1.0,29.35921697000001,20.570522446,0.5880106187894871
1567571,251,10.0,0.0,21.672161319172073,33.55,41.0,0.2,0,1.0,30.31027978000001,19.645840865999986,0.6067380610833512
3023230,251,10.0,0.0,21.672161319172073,18.42,42.0,0.2,0,1.0,36.87127523,13.088428055999994,0.7380203004594763
4969824,251,10.0,0.0,21.672161319172073,31.0,23.0,0.2,0,1.0,37.12436211000001,12.807791665999991,0.7434961102728141
3791060,251,10.0,0.0,21.672161319172073,19.71,33.0,0.2,0,1.0,40.379183113,9.530047019999994,0.8090524138600422
5217146,251,10.0,0.0,21.672161319172073,53.0,17.0,0.2,0,1.0,19.21638929999999,30.724987146000014,0.3847789281654671
430236,251,10.0,0.0,21.672161319172073,70.17,32.0,0.2,0,1.0,11.999156330000005,37.905561586,0.24044132160404305
5026811,251,10.0,0.0,21.672161319172073,9.0,42.0,0.2,0,1.0,42.87039626899999,7.033044687999997,0.8590669390100749
2903702,251,10.0,0.0,21.672161319172073,16.78,41.0,0.2,0,1.0,38.12772994,11.825613986000006,0.7632668194642134
4214107,251,10.0,0.0,21.672161319172073,72.63,33.0,0.2,0,1.0,10.693130279999997,39.226533136,0.2142067784169532
919971,251,10.0,0.0,21.672161319172073,36.41,36.0,0.2,0,1.0,29.760441140000008,20.193258606,0.5957605000495093
5165486,251,10.0,0.0,21.672161319172073,65.0,32.0,0.2,0,1.0,15.411455950000002,34.500961415999996,0.3087699767572905
5105701,251,10.0,0.0,21.672161319172073,50.0,10.0,0.2,0,1.0,21.46954805000001,28.484295045999993,0.4297877144054841
5149194,251,10.0,0.0,21.672161319172073,41.0,43.0,0.2,0,1.0,27.13404284000001,22.774140446,0.5436792336140096
5167432,251,10.0,0.0,21.672161319172073,41.0,29.0,0.2,0,1.0,28.217657290000005,21.701175396,0.5652707760114309
4214102,251,10.0,0.0,21.672161319172073,72.63,26.0,0.2,0,1.0,2.1391014000000057,47.793675716,0.042839624061578006
2544383,251,10.0,0.0,21.672161319172073,52.82,38.0,0.2,0,1.0,22.47554573,27.428821896,0.4503723180792361
1305564,251,10.0,0.0,21.672161319172073,55.47,27.0,0.2,0,1.0,19.833991630000007,30.101321335999998,0.3971936982452596
5180941,251,10.0,0.0,21.672161319172073,21.0,27.0,0.2,0,1.0,45.341122043999995,4.559897768000002,0.9086211507263936
2544367,251,10.0,0.0,21.672161319172073,52.82,23.0,0.2,0,1.0,20.90046908,29.052234326000004,0.4184051643837472
3380846,251,10.0,0.0,21.672161319172073,27.04,41.0,0.2,0,1.0,33.053532170000004,16.864209315999993,0.6621600093680169
3534494,251,10.0,0.0,21.672161319172073,28.15,36.0,0.2,0,1.0,33.64205932,16.269567656,0.6740325122275974
5055594,251,10.0,0.0,21.672161319172073,85.0,39.0,0.2,0,1.0,3.393907529999999,46.527970976000006,0.06798437141326909
5171630,251,10.0,0.0,21.672161319172073,30.0,25.0,0.2,0,1.0,36.74690397,13.157178726,0.7363506547921259
5208648,251,10.0,0.0,21.672161319172073,72.0,33.0,0.2,0,1.0,11.202422769999998,38.726031796,0.22436950767606093
942715,251,10.0,0.0,21.672161319172073,30.27,25.0,0.2,0,1.0,36.58853005,13.338768056000006,0.7328361725547288
430222,251,10.0,0.0,21.672161319172073,70.17,27.0,0.2,0,1.0,8.418913290000006,41.503353396,0.16864044541392936
5142627,251,10.0,0.0,21.672161319172073,29.0,32.0,0.2,0,1.0,34.501580409999995,15.45712071600001,0.6906020299243596
5340461,251,10.0,0.0,21.672161319172073,24.0,40.0,0.2,0,1.0,34.700694670000004,15.233028416000002,0.6949350564193979
5185774,251,10.0,0.0,21.672161319172073,19.0,28.0,0.2,0,1.0,48.39071481999999,1.514978396000005,0.9696431749892156
5176540,251,10.0,0.0,21.672161319172073,52.0,15.0,0.2,0,1.0,19.628601060000005,30.329309226000003,0.3929027644997521
5092232,251,10.0,0.0,21.672161319172073,79.0,35.0,0.2,0,1.0,6.477501990000008,43.469862566,0.1296865619954294
2881654,251,10.0,0.0,21.672161319172073,72.65,33.0,0.2,0,1.0,10.693130279999997,39.226533136,0.2142067784169532
4976186,251,10.0,0.0,21.672161319172073,37.0,14.0,0.2,0,1.0,38.30406869,11.63020210600001,0.7670897778098394
5188474,251,10.0,0.0,21.672161319172073,3.0,45.0,0.2,0,1.0,46.36486463400001,3.5539593979999933,0.9288052259459926
5142627,251,10.0,0.0,21.672161319172073,29.0,32.0,0.2,0,1.0,34.501580409999995,15.45712071600001,0.6906020299243596
5180089,251,10.0,0.0,21.672161319172073,10.0,44.0,0.2,0,1.0,40.84304130600001,9.083891203999986,0.8180562925194622
5010725,251,10.0,0.0,21.672161319172073,20.0,43.0,0.2,0,1.0,35.770022859999976,14.177764306000011,0.7161482998459846
4946061,251,10.0,0.0,21.672161319172073,32.0,32.0,0.2,0,1.0,32.69393606,17.257909776000005,0.6545090679399412
5198644,251,10.0,0.0,21.672161319172073,21.0,40.0,0.2,0,1.0,36.15836073,13.744056446000002,0.7245813484840559
5288569,251,10.0,0.0,21.672161319172073,57.0,28.0,0.2,0,1.0,19.183837539999992,30.765213126000013,0.3840681110894127
3380829,251,10.0,0.0,21.672161319172073,27.04,38.0,0.2,0,1.0,33.68342012,16.224155655999994,0.6749159741034344
3520813,251,10.0,0.0,21.672161319172073,25.53,31.0,0.2,0,1.0,37.12115121000001,12.814213465999991,0.7433840015158881
3291456,251,10.0,0.0,21.672161319172073,43.63,16.0,0.2,0,1.0,28.31985478000001,21.593572716,0.5673794848544417
5343740,251,10.0,0.0,21.672161319172073,72.0,41.0,0.2,0,1.0,14.546341649999995,35.399782836,0.29124064779194964
5135090,251,10.0,0.0,21.672161319172073,46.0,44.0,0.2,0,1.0,25.28244663000001,24.634256556,0.5064927171931279
4999296,251,10.0,0.0,21.672161319172073,18.0,37.0,0.2,0,1.0,39.26543835999999,10.636041986000002,0.7868591891011392
5109946,251,10.0,0.0,21.672161319172073,48.0,39.0,0.2,0,1.0,24.57323757,25.362405056,0.4920981542992188
5206116,251,10.0,0.0,21.672161319172073,59.0,19.0,0.2,0,1.0,14.009656869999981,35.932102896000025,0.2805198882786997
5182289,251,10.0,0.0,21.672161319172073,71.0,38.0,0.2,0,1.0,14.043488499999983,35.88931816600001,0.2812477294524365
4933389,251,10.0,0.0,21.672161319172073,67.0,30.0,0.2,0,1.0,13.331184180000005,36.620755376,0.26688021122892963
1284016,251,10.0,0.0,21.672161319172073,38.59,40.0,0.2,0,1.0,28.322552250000008,21.588177776,0.5674641952791701
387652,251,10.0,0.0,21.672161319172073,47.35,32.0,0.2,0,1.0,24.735282340000005,25.17827581599999,0.4955623933419508
5211719,251,10.0,0.0,21.672161319172073,51.0,32.0,0.2,0,1.0,22.91652626,27.002471676,0.4590742444265559
5207713,251,10.0,0.0,21.672161319172073,65.0,42.0,0.2,0,1.0,17.886490709999993,32.067397916000004,0.3580600269963855
5221580,251,10.0,0.0,21.672161319172073,25.0,30.0,0.2,0,1.0,37.97903207,11.925507746,0.7610336095679909
4342679,251,10.0,0.0,21.672161319172073,87.98,44.0,0.2,0,1.0,5.808899300000008,44.147166556,0.11628015938533574
3772921,251,10.0,0.0,21.672161319172073,25.91,40.0,0.2,0,1.0,33.78898278999999,16.114551906,0.6770859618629047
2927105,251,10.0,0.0,21.672161319172073,64.17,24.0,0.2,0,1.0,12.230748909999996,37.717293006,0.2448694371356745
5243007,251,10.0,0.0,21.672161319172073,38.0,34.0,0.2,0,1.0,29.20740823,20.735228676,0.5848191052661675
4932261,251,10.0,0.0,21.672161319172073,33.0,41.0,0.2,0,1.0,30.454175970000005,19.477537175999988,0.6099165049865644
4864801,251,10.0,0.0,21.672161319172073,67.7,25.0,0.2,0,1.0,9.36484150999999,40.58459155600001,0.18748644249126686
5273379,251,10.0,0.0,21.672161319172073,7.0,43.0,0.2,0,1.0,43.877855076,6.047935273999999,0.8788615016086572
1130370,251,10.0,0.0,21.672161319172073,42.34,18.0,0.2,0,1.0,29.14209758,20.813517646000005,0.5833597974554149
5248825,251,10.0,0.0,21.672161319172073,36.0,12.0,0.2,0,1.0,46.054119074,3.902784518000008,0.9218769732032592
5013662,251,10.0,0.0,21.672161319172073,31.0,34.0,0.2,0,1.0,32.79988249,17.149811856,0.6566583223271842
3023219,251,10.0,0.0,21.672161319172073,18.42,40.0,0.2,0,1.0,37.60528876,12.340268826000006,0.7529255969411973
5237932,251,10.0,0.0,21.672161319172073,9.0,43.0,0.2,0,1.0,42.141325848,7.77446107,0.8442484522427418
3534514,251,10.0,0.0,21.672161319172073,28.15,37.0,0.2,0,1.0,33.43713015,16.501076445999992,0.6695701033180131
5093719,251,10.0,0.0,21.672161319172073,24.0,38.0,0.2,0,1.0,35.25055251999999,14.683700326000006,0.7059393204242916
5216078,251,10.0,0.0,21.672161319172073,44.0,8.0,0.2,0,1.0,33.107481750000005,16.799740476,0.6633805744602653
2544362,251,10.0,0.0,21.672161319172073,52.82,30.0,0.2,0,1.0,21.86736733,28.044109016000014,0.4381230316332345
5297197,251,10.0,0.0,21.672161319172073,35.0,43.0,0.2,0,1.0,29.47153395,20.445387606,0.5904116886883127
5081982,251,10.0,0.0,21.672161319172073,75.0,38.0,0.2,0,1.0,11.726707269999993,38.206450176,0.2348481023392481
3772910,251,10.0,0.0,21.672161319172073,25.91,28.0,0.2,0,1.0,38.484534720000006,11.433836185999994,0.7709493323103281
5253419,251,10.0,0.0,21.672161319172073,46.0,42.0,0.2,0,1.0,25.28551650000001,24.628116815999995,0.5065853719748076
919967,251,10.0,0.0,21.672161319172073,36.41,37.0,0.2,0,1.0,29.50661031000001,20.400114326,0.5912351596946022
3772919,251,10.0,0.0,21.672161319172073,25.91,32.0,0.2,0,1.0,36.44563034,13.500194076,0.7297032487930011
3791067,251,10.0,0.0,21.672161319172073,19.71,42.0,0.2,0,1.0,36.15664267999999,13.747492546000005,0.7245219763103403
5096496,251,10.0,0.0,21.672161319172073,30.0,26.0,0.2,0,1.0,36.24885117999999,13.710606846000008,0.7255653406234971
3380839,251,10.0,0.0,21.672161319172073,27.04,24.0,0.2,0,1.0,40.53915932100001,9.422726603999989,0.8114017029272101
4991454,251,10.0,0.0,21.672161319172073,18.0,35.0,0.2,0,1.0,40.46215656600001,9.441105413999988,0.8108118579946989
5297013,251,10.0,0.0,21.672161319172073,38.0,23.0,0.2,0,1.0,31.28175490000001,18.631327755999997,0.6267245626881685
5268938,251,10.0,0.0,21.672161319172073,44.0,15.0,0.2,0,1.0,28.20522114000001,21.716319266000003,0.5649910020927571
4949413,251,10.0,0.0,21.672161319172073,52.0,36.0,0.2,0,1.0,22.725491639999994,27.213787846,0.4550624653359461
4990838,251,10.0,0.0,21.672161319172073,50.0,9.0,0.2,0,1.0,21.005617620000013,28.929000066,0.4206624300618063
