,bh_ratio,alive,dead,transient
0,0.0,174,128,252
1,0.05,209,119,231
2,0.1,217,119,227
3,0.15000000000000002,239,112,208
4,0.2,254,97,207
5,0.25,248,98,198
6,0.30000000000000004,292,81,184
7,0.35000000000000003,301,67,173
8,0.4,277,102,159
9,0.45,306,81,151
10,0.5,317,85,136
11,0.55,350,61,114
12,0.6000000000000001,355,58,113
13,0.65,368,55,105
14,0.7000000000000001,382,50,86
15,0.75,397,41,87
16,0.8,405,39,80
17,0.8500000000000001,418,38,60
18,0.9,422,33,58
19,0.9500000000000001,456,18,37
20,1.0,461,14,34
21,0.0,177,130,254
22,0.05,210,118,236
23,0.1,216,118,215
24,0.15000000000000002,255,93,215
25,0.2,245,112,198
26,0.25,257,105,186
27,0.30000000000000004,275,95,171
28,0.35000000000000003,264,88,188
29,0.4,293,82,151
30,0.45,310,71,148
31,0.5,336,66,131
32,0.55,366,50,120
33,0.6000000000000001,343,81,107
34,0.65,361,57,111
35,0.7000000000000001,375,48,95
36,0.75,388,43,89
37,0.8,413,31,70
38,0.8500000000000001,410,38,67
39,0.9,430,32,57
40,0.9500000000000001,451,17,47
41,1.0,468,11,29
42,0.0,211,112,240
43,0.05,193,109,259
44,0.1,225,117,221
45,0.15000000000000002,235,129,196
46,0.2,258,93,201
47,0.25,272,104,186
48,0.30000000000000004,284,101,161
49,0.35000000000000003,290,76,183
50,0.4,308,68,171
51,0.45,324,67,148
52,0.5,328,72,145
53,0.55,342,60,124
54,0.6000000000000001,335,75,114
55,0.65,366,55,107
56,0.7000000000000001,362,51,110
57,0.75,405,52,66
58,0.8,405,47,69
59,0.8500000000000001,425,31,60
60,0.9,427,20,67
61,0.9500000000000001,436,15,58
62,1.0,447,21,40
63,0.0,187,107,267
64,0.05,197,123,234
65,0.1,216,113,217
66,0.15000000000000002,237,113,202
67,0.2,244,113,197
68,0.25,253,97,205
69,0.30000000000000004,280,92,186
70,0.35000000000000003,279,111,153
71,0.4,295,65,185
72,0.45,311,82,157
73,0.5,344,65,128
74,0.55,347,61,129
75,0.6000000000000001,354,60,112
76,0.65,386,37,110
77,0.7000000000000001,400,43,77
78,0.75,376,48,95
79,0.8,404,35,86
80,0.8500000000000001,402,36,76
81,0.9,427,27,64
82,0.9500000000000001,449,20,42
83,1.0,460,19,32
84,0.0,204,118,237
85,0.05,201,123,236
86,0.1,234,105,224
87,0.15000000000000002,237,118,195
88,0.2,233,103,210
89,0.25,251,91,211
90,0.30000000000000004,277,111,152
91,0.35000000000000003,305,86,149
92,0.4,314,77,153
93,0.45,319,72,157
94,0.5,332,66,133
95,0.55,341,54,139
96,0.6000000000000001,371,45,115
97,0.65,373,49,109
98,0.7000000000000001,378,52,101
99,0.75,388,44,87
100,0.8,413,35,81
101,0.8500000000000001,425,29,65
102,0.9,428,23,59
103,0.9500000000000001,438,32,39
104,1.0,453,15,38
105,0.0,198,130,250
106,0.05,218,131,215
107,0.1,193,114,240
108,0.15000000000000002,241,103,207
109,0.2,244,95,219
110,0.25,260,96,193
111,0.30000000000000004,267,105,179
112,0.35000000000000003,293,75,183
113,0.4,299,100,153
114,0.45,311,72,153
115,0.5,299,86,145
116,0.55,329,82,130
117,0.6000000000000001,340,71,127
118,0.65,335,65,134
119,0.7000000000000001,367,50,101
120,0.75,388,42,90
121,0.8,404,43,70
122,0.8500000000000001,420,30,65
123,0.9,438,22,52
124,0.9500000000000001,448,19,43
125,1.0,453,19,37
126,0.0,196,135,233
127,0.05,214,123,221
128,0.1,208,117,233
129,0.15000000000000002,238,101,221
130,0.2,235,113,206
131,0.25,265,94,197
132,0.30000000000000004,266,84,197
133,0.35000000000000003,297,81,165
134,0.4,300,86,154
135,0.45,317,84,140
136,0.5,321,60,150
137,0.55,353,62,121
138,0.6000000000000001,358,55,119
139,0.65,349,59,121
140,0.7000000000000001,372,61,82
141,0.75,400,42,85
142,0.8,405,49,62
143,0.8500000000000001,435,22,58
144,0.9,428,27,55
145,0.9500000000000001,450,23,38
146,1.0,463,17,30
147,0.0,208,123,244
148,0.05,189,130,239
149,0.1,225,124,202
150,0.15000000000000002,248,110,198
151,0.2,278,95,194
152,0.25,250,87,206
153,0.30000000000000004,276,89,188
154,0.35000000000000003,275,98,175
155,0.4,298,66,186
156,0.45,310,77,156
157,0.5,318,73,144
158,0.55,347,54,135
159,0.6000000000000001,360,57,118
160,0.65,366,52,107
161,0.7000000000000001,374,52,106
162,0.75,399,38,84
163,0.8,403,33,83
164,0.8500000000000001,416,34,69
165,0.9,422,34,61
166,0.9500000000000001,441,29,44
167,1.0,465,10,37
168,0.0,203,116,242
169,0.05,195,130,229
170,0.1,186,128,238
171,0.15000000000000002,224,110,225
172,0.2,269,89,200
173,0.25,248,107,194
174,0.30000000000000004,269,96,175
175,0.35000000000000003,294,90,151
176,0.4,285,90,160
177,0.45,299,81,164
178,0.5,315,68,152
179,0.55,344,65,114
180,0.6000000000000001,322,81,119
181,0.65,364,45,112
182,0.7000000000000001,376,49,96
183,0.75,397,35,94
184,0.8,402,46,70
185,0.8500000000000001,418,34,64
186,0.9,435,24,55
187,0.9500000000000001,451,17,42
188,1.0,468,13,27
189,0.0,179,138,237
190,0.05,219,103,247
191,0.1,213,122,232
192,0.15000000000000002,236,100,220
193,0.2,257,105,191
194,0.25,251,109,198
195,0.30000000000000004,275,88,185
196,0.35000000000000003,287,89,166
197,0.4,306,84,160
198,0.45,294,80,155
199,0.5,314,65,150
200,0.55,330,66,137
201,0.6000000000000001,352,61,120
202,0.65,377,52,106
203,0.7000000000000001,373,54,100
204,0.75,403,35,88
205,0.8,408,34,73
206,0.8500000000000001,412,36,73
207,0.9,431,29,61
208,0.9500000000000001,453,13,47
209,1.0,459,14,35
210,0.0,198,116,251
211,0.05,209,128,222
212,0.1,231,108,217
213,0.15000000000000002,216,137,191
214,0.2,275,91,194
215,0.25,248,95,198
216,0.30000000000000004,279,85,176
217,0.35000000000000003,280,75,189
218,0.4,296,82,167
219,0.45,290,92,160
220,0.5,343,59,140
221,0.55,343,66,132
222,0.6000000000000001,356,59,111
223,0.65,365,57,110
224,0.7000000000000001,367,50,108
225,0.75,381,51,104
226,0.8,406,30,82
227,0.8500000000000001,415,38,63
228,0.9,423,27,69
229,0.9500000000000001,433,25,50
230,1.0,454,25,26
231,0.0,195,123,240
232,0.05,226,101,243
233,0.1,220,113,222
234,0.15000000000000002,227,109,216
235,0.2,249,108,202
236,0.25,267,73,200
237,0.30000000000000004,255,101,191
238,0.35000000000000003,285,90,164
239,0.4,305,90,132
240,0.45,327,74,134
241,0.5,331,63,143
242,0.55,339,63,135
243,0.6000000000000001,349,53,125
244,0.65,363,44,119
245,0.7000000000000001,378,49,102
246,0.75,412,32,76
247,0.8,416,43,60
248,0.8500000000000001,394,36,84
249,0.9,430,35,55
250,0.9500000000000001,428,30,54
251,1.0,465,15,27
252,0.0,205,114,249
253,0.05,201,129,228
254,0.1,216,112,226
255,0.15000000000000002,221,112,222
256,0.2,254,104,199
257,0.25,265,109,181
258,0.30000000000000004,279,93,182
259,0.35000000000000003,311,81,156
260,0.4,295,92,161
261,0.45,312,76,144
262,0.5,316,90,127
263,0.55,343,73,118
264,0.6000000000000001,344,73,107
265,0.65,364,53,108
266,0.7000000000000001,374,52,100
267,0.75,393,41,84
268,0.8,415,34,69
269,0.8500000000000001,414,43,55
270,0.9,439,27,53
271,0.9500000000000001,431,31,49
272,1.0,457,19,33
273,0.0,187,134,256
274,0.05,203,132,217
275,0.1,226,112,226
276,0.15000000000000002,242,107,203
277,0.2,239,99,208
278,0.25,271,94,191
279,0.30000000000000004,282,88,184
280,0.35000000000000003,294,97,161
281,0.4,308,85,160
282,0.45,318,74,152
283,0.5,310,82,142
284,0.55,343,52,144
285,0.6000000000000001,364,50,113
286,0.65,376,44,109
287,0.7000000000000001,378,44,102
288,0.75,405,43,75
289,0.8,417,36,62
290,0.8500000000000001,414,41,66
291,0.9,441,29,46
292,0.9500000000000001,451,13,48
293,1.0,461,12,39
294,0.0,179,119,266
295,0.05,203,128,234
296,0.1,220,104,232
297,0.15000000000000002,224,126,199
298,0.2,248,105,204
299,0.25,256,110,181
300,0.30000000000000004,265,83,202
301,0.35000000000000003,301,85,150
302,0.4,297,88,157
303,0.45,295,74,175
304,0.5,330,57,148
305,0.55,329,67,129
306,0.6000000000000001,346,65,122
307,0.65,355,63,105
308,0.7000000000000001,378,44,103
309,0.75,382,36,108
310,0.8,401,40,85
311,0.8500000000000001,421,32,58
312,0.9,427,45,36
313,0.9500000000000001,448,19,38
314,1.0,451,21,39
315,0.0,204,117,233
316,0.05,213,122,218
317,0.1,224,108,224
318,0.15000000000000002,242,92,215
319,0.2,263,82,208
320,0.25,262,97,183
321,0.30000000000000004,289,89,169
322,0.35000000000000003,294,72,180
323,0.4,298,91,156
324,0.45,306,73,165
325,0.5,315,77,150
326,0.55,318,66,138
327,0.6000000000000001,348,56,119
328,0.65,367,61,96
329,0.7000000000000001,373,53,108
330,0.75,396,35,95
331,0.8,420,34,64
332,0.8500000000000001,417,32,65
333,0.9,418,29,65
334,0.9500000000000001,442,25,41
335,1.0,464,22,18
336,0.0,212,119,224
337,0.05,206,122,230
338,0.1,216,116,221
339,0.15000000000000002,226,95,236
340,0.2,230,99,220
341,0.25,262,99,186
342,0.30000000000000004,287,88,173
343,0.35000000000000003,284,90,165
344,0.4,305,81,150
345,0.45,326,66,159
346,0.5,341,74,120
347,0.55,337,52,140
348,0.6000000000000001,340,65,121
349,0.65,379,53,105
350,0.7000000000000001,379,42,100
351,0.75,391,36,95
352,0.8,392,45,87
353,0.8500000000000001,418,30,70
354,0.9,438,29,52
355,0.9500000000000001,438,24,53
356,1.0,459,17,36
357,0.0,196,125,249
358,0.05,199,131,222
359,0.1,227,108,224
360,0.15000000000000002,222,106,222
361,0.2,242,107,197
362,0.25,261,96,190
363,0.30000000000000004,277,90,180
364,0.35000000000000003,290,77,182
365,0.4,312,60,174
366,0.45,312,75,156
367,0.5,328,73,134
368,0.55,328,66,143
369,0.6000000000000001,352,76,103
370,0.65,372,56,100
371,0.7000000000000001,377,42,103
372,0.75,379,47,92
373,0.8,390,49,84
374,0.8500000000000001,417,35,73
375,0.9,430,31,62
376,0.9500000000000001,445,19,45
377,1.0,456,17,35
378,0.0,194,116,256
379,0.05,211,124,232
380,0.1,212,123,219
381,0.15000000000000002,245,104,204
382,0.2,250,90,217
383,0.25,278,85,191
384,0.30000000000000004,269,96,178
385,0.35000000000000003,299,85,154
386,0.4,306,78,156
387,0.45,316,95,138
388,0.5,323,58,160
389,0.55,347,59,121
390,0.6000000000000001,326,60,147
391,0.65,364,48,112
392,0.7000000000000001,371,46,108
393,0.75,372,47,108
394,0.8,403,35,77
395,0.8500000000000001,431,25,57
396,0.9,429,29,49
397,0.9500000000000001,443,25,43
398,1.0,447,23,42
399,0.0,184,119,262
400,0.05,218,120,234
401,0.1,233,112,220
402,0.15000000000000002,218,110,228
403,0.2,246,87,217
404,0.25,246,111,187
405,0.30000000000000004,269,95,179
406,0.35000000000000003,281,97,165
407,0.4,318,67,166
408,0.45,319,71,164
409,0.5,329,66,145
410,0.55,338,64,135
411,0.6000000000000001,338,72,122
412,0.65,375,58,99
413,0.7000000000000001,381,41,105
414,0.75,402,45,77
415,0.8,409,32,74
416,0.8500000000000001,427,27,60
417,0.9,424,28,61
418,0.9500000000000001,439,21,53
419,1.0,461,16,28
420,0.0,178,132,249
421,0.05,208,123,229
422,0.1,219,107,240
423,0.15000000000000002,227,123,200
424,0.2,251,106,193
425,0.25,253,90,219
426,0.30000000000000004,264,91,183
427,0.35000000000000003,273,82,192
428,0.4,301,71,162
429,0.45,319,79,135
430,0.5,336,52,143
431,0.55,361,49,107
432,0.6000000000000001,343,55,125
433,0.65,370,45,113
434,0.7000000000000001,388,52,88
435,0.75,408,46,74
436,0.8,392,53,75
437,0.8500000000000001,412,47,52
438,0.9,435,25,54
439,0.9500000000000001,438,29,52
440,1.0,456,21,31
441,0.0,186,129,251
442,0.05,189,125,242
443,0.1,227,124,192
444,0.15000000000000002,246,112,201
445,0.2,245,113,194
446,0.25,243,117,189
447,0.30000000000000004,280,85,193
448,0.35000000000000003,297,75,181
449,0.4,283,96,166
450,0.45,324,76,143
451,0.5,341,55,150
452,0.55,349,62,123
453,0.6000000000000001,338,69,118
454,0.65,357,53,115
455,0.7000000000000001,404,35,83
456,0.75,381,46,83
457,0.8,397,43,76
458,0.8500000000000001,425,28,73
459,0.9,428,29,52
460,0.9500000000000001,452,20,38
461,1.0,456,16,37
462,0.0,185,139,232
463,0.05,223,113,231
464,0.1,206,110,252
465,0.15000000000000002,247,108,209
466,0.2,261,89,197
467,0.25,242,98,210
468,0.30000000000000004,278,94,174
469,0.35000000000000003,266,84,195
470,0.4,304,75,159
471,0.45,299,91,147
472,0.5,345,51,136
473,0.55,321,58,144
474,0.6000000000000001,354,54,121
475,0.65,369,47,125
476,0.7000000000000001,391,52,69
477,0.75,409,42,73
478,0.8,400,35,85
479,0.8500000000000001,421,37,63
480,0.9,421,36,54
481,0.9500000000000001,446,20,50
482,1.0,460,14,35
483,0.0,191,117,259
484,0.05,225,130,216
485,0.1,206,141,207
486,0.15000000000000002,252,94,214
487,0.2,240,108,214
488,0.25,249,89,202
489,0.30000000000000004,278,101,169
490,0.35000000000000003,303,76,168
491,0.4,294,101,152
492,0.45,327,72,148
493,0.5,312,73,152
494,0.55,323,74,144
495,0.6000000000000001,355,61,123
496,0.65,366,54,103
497,0.7000000000000001,402,33,98
498,0.75,382,43,100
499,0.8,404,35,81
500,0.8500000000000001,418,38,60
501,0.9,432,26,55
502,0.9500000000000001,445,21,41
503,1.0,457,19,36
504,0.0,207,123,233
505,0.05,212,112,248
506,0.1,216,126,216
507,0.15000000000000002,240,111,214
508,0.2,233,111,207
509,0.25,273,92,194
510,0.30000000000000004,253,103,197
511,0.35000000000000003,278,90,186
512,0.4,308,87,153
513,0.45,303,90,149
514,0.5,339,53,141
515,0.55,328,63,139
516,0.6000000000000001,345,61,123
517,0.65,367,55,108
518,0.7000000000000001,389,42,93
519,0.75,401,36,89
520,0.8,395,40,89
521,0.8500000000000001,402,39,75
522,0.9,430,20,62
523,0.9500000000000001,435,28,41
524,1.0,453,19,37
525,0.0,201,116,251
526,0.05,223,112,232
527,0.1,222,105,224
528,0.15000000000000002,222,119,207
529,0.2,255,98,204
530,0.25,231,107,225
531,0.30000000000000004,275,87,179
532,0.35000000000000003,283,84,171
533,0.4,287,91,160
534,0.45,314,79,145
535,0.5,337,65,134
536,0.55,333,59,147
537,0.6000000000000001,365,55,105
538,0.65,368,59,94
539,0.7000000000000001,358,63,102
540,0.75,389,41,94
541,0.8,420,31,65
542,0.8500000000000001,414,38,62
543,0.9,432,25,59
544,0.9500000000000001,450,19,38
545,1.0,450,20,40
546,0.0,195,117,261
547,0.05,192,124,236
548,0.1,216,126,215
549,0.15000000000000002,225,116,213
550,0.2,233,98,219
551,0.25,266,85,201
552,0.30000000000000004,281,82,185
553,0.35000000000000003,278,77,178
554,0.4,301,78,167
555,0.45,325,90,122
556,0.5,328,68,145
557,0.55,339,65,128
558,0.6000000000000001,347,63,120
559,0.65,358,54,118
560,0.7000000000000001,364,55,101
561,0.75,386,37,100
562,0.8,398,45,66
563,0.8500000000000001,425,28,63
564,0.9,432,30,47
565,0.9500000000000001,446,25,39
566,1.0,456,17,34
567,0.0,206,105,256
568,0.05,211,123,222
569,0.1,216,117,213
570,0.15000000000000002,223,124,212
571,0.2,253,101,199
572,0.25,273,100,175
573,0.30000000000000004,263,111,174
574,0.35000000000000003,284,101,164
575,0.4,297,77,158
576,0.45,309,74,160
577,0.5,331,70,132
578,0.55,353,55,113
579,0.6000000000000001,359,56,127
580,0.65,381,57,90
581,0.7000000000000001,369,47,108
582,0.75,391,49,88
583,0.8,404,46,68
584,0.8500000000000001,406,44,66
585,0.9,432,34,52
586,0.9500000000000001,445,20,46
587,1.0,462,19,25
588,0.0,189,120,252
589,0.05,205,110,241
590,0.1,211,115,221
591,0.15000000000000002,237,110,221
592,0.2,244,96,220
593,0.25,244,93,209
594,0.30000000000000004,285,78,177
595,0.35000000000000003,287,86,176
596,0.4,309,85,153
597,0.45,317,67,166
598,0.5,332,61,145
599,0.55,337,73,132
600,0.6000000000000001,352,53,129
601,0.65,374,55,99
602,0.7000000000000001,374,50,106
603,0.75,382,43,102
604,0.8,407,32,82
605,0.8500000000000001,415,35,72
606,0.9,422,29,63
607,0.9500000000000001,452,17,44
608,1.0,449,23,35
609,0.0,197,121,245
610,0.05,222,116,228
611,0.1,230,109,215
612,0.15000000000000002,250,100,206
613,0.2,243,103,206
614,0.25,271,96,187
615,0.30000000000000004,270,103,173
616,0.35000000000000003,291,76,176
617,0.4,289,76,174
618,0.45,323,77,139
619,0.5,349,59,136
620,0.55,337,62,133
621,0.6000000000000001,356,67,97
622,0.65,352,64,109
623,0.7000000000000001,373,52,96
624,0.75,383,42,95
625,0.8,411,32,81
626,0.8500000000000001,411,35,72
627,0.9,438,25,53
628,0.9500000000000001,453,23,36
629,1.0,462,21,24
630,0.0,195,129,244
631,0.05,206,118,229
632,0.1,221,122,222
633,0.15000000000000002,229,116,207
634,0.2,235,96,211
635,0.25,262,108,174
636,0.30000000000000004,280,93,177
637,0.35000000000000003,286,75,174
638,0.4,301,93,146
639,0.45,315,51,175
640,0.5,325,76,134
641,0.55,332,70,129
642,0.6000000000000001,337,68,115
643,0.65,364,55,111
644,0.7000000000000001,390,48,84
645,0.75,398,37,90
646,0.8,415,50,48
647,0.8500000000000001,421,34,59
648,0.9,447,15,55
649,0.9500000000000001,443,24,41
650,1.0,447,18,42
651,0.0,198,115,246
652,0.05,226,113,211
653,0.1,245,105,228
654,0.15000000000000002,234,109,214
655,0.2,243,99,210
656,0.25,272,86,186
657,0.30000000000000004,265,86,190
658,0.35000000000000003,285,86,172
659,0.4,291,71,173
660,0.45,321,70,140
661,0.5,317,67,152
662,0.55,330,67,128
663,0.6000000000000001,370,56,101
664,0.65,392,45,92
665,0.7000000000000001,397,43,87
666,0.75,384,57,70
667,0.8,414,29,76
668,0.8500000000000001,423,31,60
669,0.9,430,34,50
670,0.9500000000000001,445,22,48
671,1.0,467,14,31
672,0.0,217,109,256
673,0.05,203,116,237
674,0.1,226,113,206
675,0.15000000000000002,227,104,220
676,0.2,257,90,210
677,0.25,272,92,186
678,0.30000000000000004,280,86,184
679,0.35000000000000003,289,89,161
680,0.4,306,75,164
681,0.45,319,73,153
682,0.5,327,68,143
683,0.55,334,61,131
684,0.6000000000000001,367,52,114
685,0.65,358,49,119
686,0.7000000000000001,398,41,80
687,0.75,391,48,81
688,0.8,395,45,77
689,0.8500000000000001,406,42,71
690,0.9,430,29,59
691,0.9500000000000001,449,22,40
692,1.0,459,14,40
693,0.0,188,123,244
694,0.05,201,115,230
695,0.1,225,122,214
696,0.15000000000000002,228,87,246
697,0.2,256,89,218
698,0.25,262,100,180
699,0.30000000000000004,279,97,169
700,0.35000000000000003,312,67,173
701,0.4,308,84,153
702,0.45,307,74,161
703,0.5,336,69,134
704,0.55,319,82,125
705,0.6000000000000001,353,69,104
706,0.65,348,63,119
707,0.7000000000000001,388,36,103
708,0.75,397,37,91
709,0.8,416,39,70
710,0.8500000000000001,426,27,61
711,0.9,440,26,49
712,0.9500000000000001,449,21,43
713,1.0,471,14,20
714,0.0,180,120,258
715,0.05,189,113,247
716,0.1,237,110,223
717,0.15000000000000002,261,89,213
718,0.2,261,93,208
719,0.25,251,105,190
720,0.30000000000000004,274,93,180
721,0.35000000000000003,275,85,177
722,0.4,311,73,156
723,0.45,327,65,146
724,0.5,326,68,140
725,0.55,323,86,129
726,0.6000000000000001,336,73,121
727,0.65,362,49,107
728,0.7000000000000001,374,35,111
729,0.75,403,46,73
730,0.8,408,38,73
731,0.8500000000000001,421,30,70
732,0.9,414,39,60
733,0.9500000000000001,452,20,41
734,1.0,460,17,36
735,0.0,183,105,281
736,0.05,225,94,245
737,0.1,223,123,206
738,0.15000000000000002,235,115,209
739,0.2,211,101,237
740,0.25,275,80,207
741,0.30000000000000004,263,96,193
742,0.35000000000000003,305,85,156
743,0.4,302,72,165
744,0.45,303,85,154
745,0.5,327,77,128
746,0.55,340,60,138
747,0.6000000000000001,343,70,115
748,0.65,353,55,117
749,0.7000000000000001,367,58,94
750,0.75,394,43,90
751,0.8,402,38,78
752,0.8500000000000001,418,37,65
753,0.9,427,31,56
754,0.9500000000000001,444,15,52
755,1.0,456,18,37
756,0.0,202,109,248
757,0.05,215,101,240
758,0.1,225,123,208
759,0.15000000000000002,231,106,218
760,0.2,274,93,181
761,0.25,261,85,209
762,0.30000000000000004,258,97,187
763,0.35000000000000003,286,85,166
764,0.4,290,90,164
765,0.45,319,77,142
766,0.5,341,62,133
767,0.55,354,69,115
768,0.6000000000000001,342,56,136
769,0.65,360,58,109
770,0.7000000000000001,389,45,101
771,0.75,395,54,71
772,0.8,403,35,76
773,0.8500000000000001,434,20,62
774,0.9,431,26,59
775,0.9500000000000001,451,18,47
776,1.0,459,9,39
777,0.0,191,125,249
778,0.05,215,118,237
779,0.1,211,128,205
780,0.15000000000000002,225,104,231
781,0.2,250,94,208
782,0.25,269,89,201
783,0.30000000000000004,287,82,177
784,0.35000000000000003,289,92,170
785,0.4,282,86,163
786,0.45,349,68,125
787,0.5,331,66,143
788,0.55,343,62,123
789,0.6000000000000001,354,52,124
790,0.65,372,47,99
791,0.7000000000000001,377,46,105
792,0.75,394,46,88
793,0.8,423,34,69
794,0.8500000000000001,416,26,83
795,0.9,426,21,66
796,0.9500000000000001,430,28,52
797,1.0,461,17,31
798,0.0,194,128,245
799,0.05,204,112,238
800,0.1,217,103,228
801,0.15000000000000002,228,115,215
802,0.2,249,106,198
803,0.25,245,102,198
804,0.30000000000000004,297,81,173
805,0.35000000000000003,264,89,190
806,0.4,300,72,175
807,0.45,300,90,141
808,0.5,324,61,148
809,0.55,314,77,143
810,0.6000000000000001,359,57,114
811,0.65,396,45,88
812,0.7000000000000001,378,46,99
813,0.75,393,34,93
814,0.8,384,51,88
815,0.8500000000000001,417,32,73
816,0.9,429,25,63
817,0.9500000000000001,455,21,30
818,1.0,453,15,43
819,0.0,210,119,235
820,0.05,193,123,242
821,0.1,213,126,223
822,0.15000000000000002,243,99,217
823,0.2,253,107,185
824,0.25,239,104,196
825,0.30000000000000004,285,89,170
826,0.35000000000000003,293,75,175
827,0.4,294,89,160
828,0.45,322,65,153
829,0.5,341,61,138
830,0.55,340,61,124
831,0.6000000000000001,365,65,98
832,0.65,370,49,102
833,0.7000000000000001,373,49,99
834,0.75,392,47,73
835,0.8,403,48,71
836,0.8500000000000001,423,38,57
837,0.9,431,26,60
838,0.9500000000000001,452,20,38
839,1.0,444,28,36
840,0.0,187,128,255
841,0.05,199,131,228
842,0.1,208,122,221
843,0.15000000000000002,257,101,206
844,0.2,264,101,194
845,0.25,257,90,202
846,0.30000000000000004,263,88,201
847,0.35000000000000003,288,87,168
848,0.4,285,90,176
849,0.45,321,73,147
850,0.5,327,69,140
851,0.55,343,61,139
852,0.6000000000000001,366,50,125
853,0.65,367,38,119
854,0.7000000000000001,377,48,107
855,0.75,394,39,91
856,0.8,417,26,78
857,0.8500000000000001,421,28,68
858,0.9,430,28,48
859,0.9500000000000001,446,26,36
860,1.0,467,13,26
861,0.0,207,120,246
862,0.05,200,130,238
863,0.1,249,106,218
864,0.15000000000000002,236,93,223
865,0.2,230,118,202
866,0.25,258,94,196
867,0.30000000000000004,268,101,181
868,0.35000000000000003,279,73,195
869,0.4,300,83,167
870,0.45,318,63,161
871,0.5,299,86,148
872,0.55,345,51,130
873,0.6000000000000001,365,55,108
874,0.65,378,52,107
875,0.7000000000000001,371,53,100
876,0.75,396,46,78
877,0.8,406,40,67
878,0.8500000000000001,408,40,67
879,0.9,431,23,65
880,0.9500000000000001,453,21,37
881,1.0,447,22,41
882,0.0,193,132,237
883,0.05,203,114,254
884,0.1,227,119,219
885,0.15000000000000002,222,109,219
886,0.2,249,111,200
887,0.25,249,113,190
888,0.30000000000000004,256,95,189
889,0.35000000000000003,283,81,170
890,0.4,288,87,166
891,0.45,323,74,147
892,0.5,314,78,139
893,0.55,358,50,128
894,0.6000000000000001,369,51,109
895,0.65,377,54,94
896,0.7000000000000001,400,46,73
897,0.75,405,35,76
898,0.8,399,41,76
899,0.8500000000000001,419,31,66
900,0.9,430,30,59
901,0.9500000000000001,447,23,45
902,1.0,452,22,40
903,0.0,182,131,246
904,0.05,212,128,226
905,0.1,226,114,215
906,0.15000000000000002,236,114,211
907,0.2,253,95,203
908,0.25,239,94,211
909,0.30000000000000004,286,87,175
910,0.35000000000000003,303,79,155
911,0.4,290,91,155
912,0.45,316,73,147
913,0.5,330,62,143
914,0.55,338,72,121
915,0.6000000000000001,370,46,118
916,0.65,379,57,98
917,0.7000000000000001,365,64,91
918,0.75,376,47,93
919,0.8,417,33,67
920,0.8500000000000001,434,27,58
921,0.9,431,27,57
922,0.9500000000000001,435,20,58
923,1.0,452,16,37
924,0.0,180,105,271
925,0.05,187,123,246
926,0.1,237,119,205
927,0.15000000000000002,219,120,200
928,0.2,227,101,230
929,0.25,275,94,191
930,0.30000000000000004,269,101,168
931,0.35000000000000003,298,77,168
932,0.4,318,74,150
933,0.45,313,83,140
934,0.5,339,80,121
935,0.55,322,86,123
936,0.6000000000000001,338,64,122
937,0.65,357,59,113
938,0.7000000000000001,381,50,104
939,0.75,386,48,96
940,0.8,408,40,65
941,0.8500000000000001,411,36,70
942,0.9,425,39,54
943,0.9500000000000001,432,28,54
944,1.0,458,13,37
945,0.0,190,128,245
946,0.05,214,107,252
947,0.1,222,123,213
948,0.15000000000000002,233,100,222
949,0.2,248,106,211
950,0.25,229,110,206
951,0.30000000000000004,271,98,182
952,0.35000000000000003,261,87,192
953,0.4,291,73,178
954,0.45,313,75,149
955,0.5,329,68,137
956,0.55,339,54,148
957,0.6000000000000001,338,67,128
958,0.65,363,59,105
959,0.7000000000000001,379,49,93
960,0.75,398,30,99
961,0.8,418,34,76
962,0.8500000000000001,431,25,62
963,0.9,431,32,48
964,0.9500000000000001,439,18,55
965,1.0,455,18,34
966,0.0,195,126,247
967,0.05,205,134,213
968,0.1,211,98,254
969,0.15000000000000002,229,119,197
970,0.2,263,101,184
971,0.25,258,86,207
972,0.30000000000000004,255,103,190
973,0.35000000000000003,291,87,173
974,0.4,306,77,154
975,0.45,322,66,150
976,0.5,329,74,133
977,0.55,354,56,126
978,0.6000000000000001,342,66,118
979,0.65,360,59,117
980,0.7000000000000001,380,44,95
981,0.75,386,46,80
982,0.8,399,39,94
983,0.8500000000000001,432,29,53
984,0.9,432,35,44
985,0.9500000000000001,435,25,49
986,1.0,457,23,30
987,0.0,188,133,253
988,0.05,212,114,227
989,0.1,225,115,225
990,0.15000000000000002,231,121,207
991,0.2,253,98,205
992,0.25,257,101,186
993,0.30000000000000004,301,85,157
994,0.35000000000000003,284,71,196
995,0.4,315,72,151
996,0.45,327,62,147
997,0.5,325,74,142
998,0.55,339,62,129
999,0.6000000000000001,346,66,124
1000,0.65,349,56,122
1001,0.7000000000000001,373,48,105
1002,0.75,395,43,86
1003,0.8,412,40,74
1004,0.8500000000000001,418,34,67
1005,0.9,427,31,52
1006,0.9500000000000001,440,27,49
1007,1.0,449,25,34
1008,0.0,181,124,254
1009,0.05,199,123,232
1010,0.1,215,110,240
1011,0.15000000000000002,228,107,218
1012,0.2,250,97,211
1013,0.25,267,93,189
1014,0.30000000000000004,270,94,184
1015,0.35000000000000003,289,86,164
1016,0.4,314,71,159
1017,0.45,320,71,149
1018,0.5,331,57,145
1019,0.55,331,61,135
1020,0.6000000000000001,355,56,127
1021,0.65,369,46,116
1022,0.7000000000000001,382,39,99
1023,0.75,387,39,99
1024,0.8,399,48,75
1025,0.8500000000000001,416,28,77
1026,0.9,443,28,45
1027,0.9500000000000001,429,30,49
1028,1.0,450,22,33
1029,0.0,208,121,243
1030,0.05,217,123,222
1031,0.1,234,118,207
1032,0.15000000000000002,234,102,201
1033,0.2,259,113,188
1034,0.25,263,87,209
1035,0.30000000000000004,278,77,191
1036,0.35000000000000003,310,73,158
1037,0.4,292,99,149
1038,0.45,302,78,162
1039,0.5,324,80,138
1040,0.55,335,68,132
1041,0.6000000000000001,357,48,121
1042,0.65,364,63,100
1043,0.7000000000000001,373,52,99
1044,0.75,387,49,85
1045,0.8,411,27,85
1046,0.8500000000000001,414,33,76
1047,0.9,431,27,57
1048,0.9500000000000001,438,26,42
1049,1.0,466,13,29
1050,0.0,197,119,248
1051,0.05,210,107,253
1052,0.1,218,118,222
1053,0.15000000000000002,228,118,205
1054,0.2,256,88,211
1055,0.25,291,90,181
1056,0.30000000000000004,279,82,184
1057,0.35000000000000003,294,90,163
1058,0.4,286,96,150
1059,0.45,314,83,147
1060,0.5,320,78,144
1061,0.55,352,66,118
1062,0.6000000000000001,346,65,124
1063,0.65,372,52,104
1064,0.7000000000000001,389,42,91
1065,0.75,380,41,103
1066,0.8,395,40,82
1067,0.8500000000000001,421,26,66
1068,0.9,423,29,57
1069,0.9500000000000001,453,20,48
1070,1.0,465,16,31
1071,0.0,186,130,241
1072,0.05,208,132,218
1073,0.1,231,126,203
1074,0.15000000000000002,240,101,226
1075,0.2,256,106,188
1076,0.25,277,92,185
1077,0.30000000000000004,272,99,185
1078,0.35000000000000003,282,78,168
1079,0.4,284,88,159
1080,0.45,294,85,155
1081,0.5,336,66,132
1082,0.55,346,64,123
1083,0.6000000000000001,350,59,122
1084,0.65,374,48,108
1085,0.7000000000000001,371,46,107
1086,0.75,400,44,73
1087,0.8,422,27,72
1088,0.8500000000000001,442,21,50
1089,0.9,432,27,49
1090,0.9500000000000001,446,19,50
1091,1.0,458,20,30
1092,0.0,196,118,256
1093,0.05,240,108,215
1094,0.1,218,116,233
1095,0.15000000000000002,238,101,220
1096,0.2,264,93,201
1097,0.25,258,98,196
1098,0.30000000000000004,275,92,188
1099,0.35000000000000003,281,89,177
1100,0.4,314,93,138
1101,0.45,316,76,139
1102,0.5,318,82,152
1103,0.55,349,54,133
1104,0.6000000000000001,360,45,117
1105,0.65,341,73,111
1106,0.7000000000000001,403,43,81
1107,0.75,399,39,80
1108,0.8,397,35,88
1109,0.8500000000000001,419,28,68
1110,0.9,425,33,54
1111,0.9500000000000001,442,20,43
1112,1.0,457,13,35
1113,0.0,177,130,253
1114,0.05,195,119,238
1115,0.1,218,118,221
1116,0.15000000000000002,233,117,213
1117,0.2,246,101,201
1118,0.25,261,92,212
1119,0.30000000000000004,265,94,186
1120,0.35000000000000003,287,91,169
1121,0.4,275,89,172
1122,0.45,326,79,125
1123,0.5,324,81,132
1124,0.55,344,75,120
1125,0.6000000000000001,349,65,122
1126,0.65,362,49,117
1127,0.7000000000000001,385,41,100
1128,0.75,403,40,82
1129,0.8,390,48,78
1130,0.8500000000000001,426,30,67
1131,0.9,441,22,50
1132,0.9500000000000001,443,17,51
1133,1.0,456,18,35
1134,0.0,198,121,246
1135,0.05,221,104,240
1136,0.1,227,114,226
1137,0.15000000000000002,234,108,213
1138,0.2,254,98,207
1139,0.25,264,91,192
1140,0.30000000000000004,270,89,189
1141,0.35000000000000003,291,83,165
1142,0.4,305,85,151
1143,0.45,329,66,152
1144,0.5,304,78,151
1145,0.55,346,56,144
1146,0.6000000000000001,358,59,112
1147,0.65,361,59,107
1148,0.7000000000000001,390,44,88
1149,0.75,390,48,93
1150,0.8,407,34,78
1151,0.8500000000000001,416,38,66
1152,0.9,440,23,50
1153,0.9500000000000001,447,20,42
1154,1.0,461,14,34
1155,0.0,197,118,252
1156,0.05,222,107,240
1157,0.1,254,106,197
1158,0.15000000000000002,240,108,208
1159,0.2,256,96,208
1160,0.25,271,105,181
1161,0.30000000000000004,270,93,187
1162,0.35000000000000003,282,97,170
1163,0.4,310,73,162
1164,0.45,302,88,147
1165,0.5,339,68,127
1166,0.55,334,72,118
1167,0.6000000000000001,349,63,123
1168,0.65,363,58,109
1169,0.7000000000000001,366,63,101
1170,0.75,395,38,93
1171,0.8,405,44,72
1172,0.8500000000000001,426,23,67
1173,0.9,435,28,47
1174,0.9500000000000001,431,28,53
1175,1.0,469,11,30
1176,0.0,197,114,242
1177,0.05,196,126,239
1178,0.1,227,110,232
1179,0.15000000000000002,237,107,213
1180,0.2,244,114,193
1181,0.25,256,108,177
1182,0.30000000000000004,287,88,174
1183,0.35000000000000003,265,103,180
1184,0.4,305,87,153
1185,0.45,312,75,149
1186,0.5,327,74,130
1187,0.55,346,63,124
1188,0.6000000000000001,347,54,135
1189,0.65,367,54,103
1190,0.7000000000000001,393,36,87
1191,0.75,393,43,82
1192,0.8,390,38,87
1193,0.8500000000000001,424,27,70
1194,0.9,415,33,66
1195,0.9500000000000001,435,29,47
1196,1.0,467,15,26
1197,0.0,186,135,238
1198,0.05,199,132,228
1199,0.1,225,117,216
1200,0.15000000000000002,216,113,219
1201,0.2,242,98,223
1202,0.25,254,93,209
1203,0.30000000000000004,307,79,159
1204,0.35000000000000003,300,99,138
1205,0.4,311,78,157
1206,0.45,305,90,153
1207,0.5,339,71,129
1208,0.55,329,75,123
1209,0.6000000000000001,356,68,104
1210,0.65,356,61,114
1211,0.7000000000000001,377,49,98
1212,0.75,383,47,93
1213,0.8,402,35,85
1214,0.8500000000000001,426,24,64
1215,0.9,432,28,58
1216,0.9500000000000001,442,18,46
1217,1.0,457,16,36
1218,0.0,196,129,238
1219,0.05,222,109,237
1220,0.1,229,101,225
1221,0.15000000000000002,228,115,210
1222,0.2,239,106,206
1223,0.25,265,89,200
1224,0.30000000000000004,293,92,166
1225,0.35000000000000003,272,80,191
1226,0.4,304,91,137
1227,0.45,309,69,158
1228,0.5,309,89,132
1229,0.55,353,58,135
1230,0.6000000000000001,340,70,124
1231,0.65,360,62,99
1232,0.7000000000000001,370,56,93
1233,0.75,382,43,94
1234,0.8,412,33,72
1235,0.8500000000000001,423,36,55
1236,0.9,426,30,54
1237,0.9500000000000001,459,19,37
1238,1.0,458,19,33
1239,0.0,223,112,244
1240,0.05,194,144,217
1241,0.1,217,96,242
1242,0.15000000000000002,236,105,212
1243,0.2,243,103,212
1244,0.25,264,88,207
1245,0.30000000000000004,268,100,176
1246,0.35000000000000003,276,86,178
1247,0.4,293,96,159
1248,0.45,328,72,128
1249,0.5,320,74,138
1250,0.55,343,60,128
1251,0.6000000000000001,368,57,105
1252,0.65,378,50,96
1253,0.7000000000000001,380,52,92
1254,0.75,383,44,94
1255,0.8,405,44,75
1256,0.8500000000000001,422,23,72
1257,0.9,445,20,51
1258,0.9500000000000001,440,23,44
1259,1.0,454,20,32
1260,0.0,187,134,239
1261,0.05,222,119,221
1262,0.1,203,115,236
1263,0.15000000000000002,226,121,211
1264,0.2,262,95,210
1265,0.25,266,102,187
1266,0.30000000000000004,281,92,165
1267,0.35000000000000003,304,77,171
1268,0.4,280,91,168
1269,0.45,314,72,154
1270,0.5,345,55,146
1271,0.55,332,68,132
1272,0.6000000000000001,334,62,130
1273,0.65,374,57,106
1274,0.7000000000000001,369,42,112
1275,0.75,383,48,94
1276,0.8,424,30,66
1277,0.8500000000000001,433,28,53
1278,0.9,424,30,67
1279,0.9500000000000001,441,26,44
1280,1.0,451,17,36
1281,0.0,204,120,242
1282,0.05,211,129,225
1283,0.1,222,110,223
1284,0.15000000000000002,231,115,219
1285,0.2,231,115,209
1286,0.25,245,107,192
1287,0.30000000000000004,278,97,175
1288,0.35000000000000003,270,93,182
1289,0.4,316,81,142
1290,0.45,304,71,161
1291,0.5,334,64,139
1292,0.55,333,72,130
1293,0.6000000000000001,340,63,127
1294,0.65,369,55,104
1295,0.7000000000000001,376,53,93
1296,0.75,409,30,82
1297,0.8,398,49,73
1298,0.8500000000000001,429,31,61
1299,0.9,425,32,57
1300,0.9500000000000001,435,25,50
1301,1.0,459,18,30
1302,0.0,180,120,260
1303,0.05,212,128,220
1304,0.1,214,134,212
1305,0.15000000000000002,225,128,195
1306,0.2,252,90,201
1307,0.25,256,112,175
1308,0.30000000000000004,264,86,196
1309,0.35000000000000003,294,80,168
1310,0.4,292,84,152
1311,0.45,317,67,150
1312,0.5,320,67,147
1313,0.55,328,68,138
1314,0.6000000000000001,368,58,114
1315,0.65,373,52,111
1316,0.7000000000000001,383,54,81
1317,0.75,394,35,92
1318,0.8,403,42,68
1319,0.8500000000000001,427,31,59
1320,0.9,423,30,65
1321,0.9500000000000001,443,20,47
1322,1.0,457,14,36
1323,0.0,184,134,243
1324,0.05,196,110,251
1325,0.1,209,122,218
1326,0.15000000000000002,224,120,209
1327,0.2,258,100,203
1328,0.25,259,110,183
1329,0.30000000000000004,255,104,179
1330,0.35000000000000003,317,73,156
1331,0.4,299,81,166
1332,0.45,320,83,132
1333,0.5,333,68,130
1334,0.55,350,50,141
1335,0.6000000000000001,334,84,106
1336,0.65,353,68,111
1337,0.7000000000000001,374,53,94
1338,0.75,390,46,84
1339,0.8,396,40,93
1340,0.8500000000000001,425,20,76
1341,0.9,418,29,69
1342,0.9500000000000001,435,28,48
1343,1.0,452,20,38
1344,0.0,213,115,240
1345,0.05,215,126,216
1346,0.1,231,123,203
1347,0.15000000000000002,248,114,188
1348,0.2,231,112,201
1349,0.25,247,100,210
1350,0.30000000000000004,263,88,204
1351,0.35000000000000003,287,81,168
1352,0.4,285,88,167
1353,0.45,306,71,161
1354,0.5,325,58,164
1355,0.55,322,69,133
1356,0.6000000000000001,363,60,106
1357,0.65,363,51,120
1358,0.7000000000000001,367,61,87
1359,0.75,368,63,86
1360,0.8,416,42,65
1361,0.8500000000000001,423,29,67
1362,0.9,435,33,50
1363,0.9500000000000001,454,19,41
1364,1.0,443,21,41
1365,0.0,176,145,246
1366,0.05,196,109,257
1367,0.1,243,98,227
1368,0.15000000000000002,223,115,211
1369,0.2,229,118,206
1370,0.25,257,101,180
1371,0.30000000000000004,298,86,161
1372,0.35000000000000003,311,75,169
1373,0.4,290,67,180
1374,0.45,323,59,159
1375,0.5,315,81,145
1376,0.55,324,69,142
1377,0.6000000000000001,360,51,129
1378,0.65,361,60,102
1379,0.7000000000000001,384,47,89
1380,0.75,393,48,73
1381,0.8,415,37,61
1382,0.8500000000000001,410,37,66
1383,0.9,440,22,60
1384,0.9500000000000001,440,18,56
1385,1.0,448,25,39
1386,0.0,196,127,242
1387,0.05,207,124,237
1388,0.1,226,107,216
1389,0.15000000000000002,239,111,206
1390,0.2,244,98,213
1391,0.25,260,97,187
1392,0.30000000000000004,278,93,180
1393,0.35000000000000003,279,87,180
1394,0.4,297,100,150
1395,0.45,313,80,148
1396,0.5,322,66,144
1397,0.55,331,75,114
1398,0.6000000000000001,355,58,121
1399,0.65,369,62,94
1400,0.7000000000000001,381,46,108
1401,0.75,385,43,93
1402,0.8,396,47,79
1403,0.8500000000000001,413,32,72
1404,0.9,440,21,50
1405,0.9500000000000001,442,23,55
1406,1.0,452,21,42
1407,0.0,191,128,241
1408,0.05,215,121,230
1409,0.1,229,118,208
1410,0.15000000000000002,232,109,209
1411,0.2,257,99,199
1412,0.25,249,100,185
1413,0.30000000000000004,292,75,182
1414,0.35000000000000003,286,90,167
1415,0.4,293,91,153
1416,0.45,307,75,160
1417,0.5,319,64,148
1418,0.55,343,61,136
1419,0.6000000000000001,354,61,111
1420,0.65,363,54,118
1421,0.7000000000000001,366,56,97
1422,0.75,387,53,74
1423,0.8,403,47,66
1424,0.8500000000000001,408,26,80
1425,0.9,418,35,66
1426,0.9500000000000001,447,20,44
1427,1.0,463,17,30
1428,0.0,188,133,232
1429,0.05,215,108,241
1430,0.1,237,103,221
1431,0.15000000000000002,246,117,190
1432,0.2,229,106,211
1433,0.25,252,106,187
1434,0.30000000000000004,269,84,193
1435,0.35000000000000003,289,87,155
1436,0.4,293,92,146
1437,0.45,305,76,158
1438,0.5,320,70,142
1439,0.55,342,75,121
1440,0.6000000000000001,339,64,123
1441,0.65,348,63,120
1442,0.7000000000000001,367,52,98
1443,0.75,390,49,88
1444,0.8,403,35,89
1445,0.8500000000000001,430,28,68
1446,0.9,432,29,57
1447,0.9500000000000001,430,28,51
1448,1.0,452,20,34
1449,0.0,177,131,252
1450,0.05,207,115,231
1451,0.1,207,109,237
1452,0.15000000000000002,246,105,213
1453,0.2,271,85,197
1454,0.25,255,98,202
1455,0.30000000000000004,270,95,183
1456,0.35000000000000003,300,80,163
1457,0.4,300,92,154
1458,0.45,319,73,137
1459,0.5,341,75,122
1460,0.55,365,56,121
1461,0.6000000000000001,346,59,124
1462,0.65,348,63,116
1463,0.7000000000000001,371,63,90
1464,0.75,397,43,82
1465,0.8,423,27,70
1466,0.8500000000000001,426,31,57
1467,0.9,442,26,52
1468,0.9500000000000001,455,16,34
1469,1.0,468,12,30
1470,0.0,197,132,228
1471,0.05,214,106,255
1472,0.1,219,105,225
1473,0.15000000000000002,234,101,222
1474,0.2,245,98,204
1475,0.25,260,89,200
1476,0.30000000000000004,237,107,202
1477,0.35000000000000003,298,84,162
1478,0.4,312,77,156
1479,0.45,324,69,153
1480,0.5,350,54,127
1481,0.55,324,70,138
1482,0.6000000000000001,365,52,111
1483,0.65,362,64,100
1484,0.7000000000000001,383,49,97
1485,0.75,391,42,99
1486,0.8,404,30,86
1487,0.8500000000000001,421,31,66
1488,0.9,428,28,61
1489,0.9500000000000001,443,27,40
1490,1.0,470,14,22
1491,0.0,203,135,235
1492,0.05,198,114,243
1493,0.1,204,114,242
1494,0.15000000000000002,217,130,211
1495,0.2,235,108,200
1496,0.25,282,84,187
1497,0.30000000000000004,268,88,204
1498,0.35000000000000003,283,90,170
1499,0.4,311,71,162
1500,0.45,327,78,137
1501,0.5,315,68,163
1502,0.55,352,76,106
1503,0.6000000000000001,342,62,123
1504,0.65,361,57,112
1505,0.7000000000000001,382,43,98
1506,0.75,390,48,79
1507,0.8,413,34,77
1508,0.8500000000000001,424,36,54
1509,0.9,427,25,55
1510,0.9500000000000001,456,20,44
1511,1.0,462,14,27
1512,0.0,183,130,250
1513,0.05,213,107,240
1514,0.1,235,120,202
1515,0.15000000000000002,225,98,232
1516,0.2,252,110,186
1517,0.25,256,98,198
1518,0.30000000000000004,274,117,164
1519,0.35000000000000003,283,89,169
1520,0.4,287,93,162
1521,0.45,310,70,156
1522,0.5,337,63,140
1523,0.55,336,60,141
1524,0.6000000000000001,359,57,115
1525,0.65,359,55,112
1526,0.7000000000000001,371,43,111
1527,0.75,400,35,87
1528,0.8,400,46,69
1529,0.8500000000000001,418,30,66
1530,0.9,434,28,51
1531,0.9500000000000001,445,27,40
1532,1.0,465,16,25
1533,0.0,205,117,253
1534,0.05,230,92,234
1535,0.1,209,104,241
1536,0.15000000000000002,239,111,192
1537,0.2,260,90,206
1538,0.25,269,98,185
1539,0.30000000000000004,270,96,185
1540,0.35000000000000003,278,86,173
1541,0.4,289,85,165
1542,0.45,310,81,160
1543,0.5,313,76,140
1544,0.55,326,64,143
1545,0.6000000000000001,348,65,114
1546,0.65,355,56,108
1547,0.7000000000000001,376,46,108
1548,0.75,399,38,92
1549,0.8,400,52,73
1550,0.8500000000000001,421,29,62
1551,0.9,423,32,57
1552,0.9500000000000001,439,27,43
1553,1.0,458,16,38
1554,0.0,176,137,236
1555,0.05,218,115,226
1556,0.1,219,100,230
1557,0.15000000000000002,229,114,213
1558,0.2,265,93,203
1559,0.25,272,98,171
1560,0.30000000000000004,275,96,184
1561,0.35000000000000003,278,84,180
1562,0.4,294,79,170
1563,0.45,336,66,132
1564,0.5,326,79,133
1565,0.55,336,59,142
1566,0.6000000000000001,351,62,123
1567,0.65,352,63,119
1568,0.7000000000000001,378,44,94
1569,0.75,406,33,85
1570,0.8,410,35,69
1571,0.8500000000000001,420,37,64
1572,0.9,432,29,59
1573,0.9500000000000001,451,21,40
1574,1.0,461,11,38
1575,0.0,195,129,235
1576,0.05,216,115,239
1577,0.1,229,110,219
1578,0.15000000000000002,232,115,207
1579,0.2,228,116,203
1580,0.25,263,96,185
1581,0.30000000000000004,274,83,206
1582,0.35000000000000003,289,77,170
1583,0.4,305,73,162
1584,0.45,310,82,144
1585,0.5,326,66,145
1586,0.55,319,65,144
1587,0.6000000000000001,339,73,112
1588,0.65,356,60,107
1589,0.7000000000000001,376,57,96
1590,0.75,404,33,89
1591,0.8,397,53,70
1592,0.8500000000000001,419,32,63
1593,0.9,438,30,46
1594,0.9500000000000001,448,18,50
1595,1.0,452,16,42
1596,0.0,209,116,239
1597,0.05,217,116,231
1598,0.1,224,118,223
1599,0.15000000000000002,254,97,209
1600,0.2,230,101,221
1601,0.25,266,98,184
1602,0.30000000000000004,279,91,174
1603,0.35000000000000003,291,82,179
1604,0.4,321,68,157
1605,0.45,305,74,167
1606,0.5,321,78,135
1607,0.55,331,84,113
1608,0.6000000000000001,355,62,117
1609,0.65,347,62,135
1610,0.7000000000000001,368,46,106
1611,0.75,394,46,86
1612,0.8,397,41,79
1613,0.8500000000000001,411,32,72
1614,0.9,420,27,68
1615,0.9500000000000001,445,24,46
1616,1.0,461,18,28
1617,0.0,189,124,252
1618,0.05,221,127,210
1619,0.1,212,128,222
1620,0.15000000000000002,222,107,216
1621,0.2,253,111,194
1622,0.25,275,97,177
1623,0.30000000000000004,296,93,162
1624,0.35000000000000003,302,77,177
1625,0.4,289,73,178
1626,0.45,317,70,148
1627,0.5,339,63,124
1628,0.55,342,63,136
1629,0.6000000000000001,352,64,113
1630,0.65,355,64,105
1631,0.7000000000000001,376,50,101
1632,0.75,400,43,73
1633,0.8,407,34,79
1634,0.8500000000000001,422,29,65
1635,0.9,434,31,51
1636,0.9500000000000001,436,33,42
1637,1.0,468,12,28
1638,0.0,204,118,251
1639,0.05,210,120,223
1640,0.1,225,111,212
1641,0.15000000000000002,258,99,200
1642,0.2,250,97,204
1643,0.25,259,96,201
1644,0.30000000000000004,251,94,193
1645,0.35000000000000003,304,84,152
1646,0.4,295,79,163
1647,0.45,309,71,166
1648,0.5,340,68,141
1649,0.55,335,70,130
1650,0.6000000000000001,365,56,110
1651,0.65,354,52,114
1652,0.7000000000000001,363,44,119
1653,0.75,390,45,80
1654,0.8,405,36,72
1655,0.8500000000000001,428,30,66
1656,0.9,442,18,57
1657,0.9500000000000001,443,28,46
1658,1.0,456,20,32
1659,0.0,190,119,255
1660,0.05,209,116,231
1661,0.1,227,117,216
1662,0.15000000000000002,246,107,200
1663,0.2,251,92,208
1664,0.25,264,100,189
1665,0.30000000000000004,271,81,192
1666,0.35000000000000003,291,77,175
1667,0.4,320,77,148
1668,0.45,322,72,138
1669,0.5,330,63,135
1670,0.55,326,67,150
1671,0.6000000000000001,338,62,128
1672,0.65,360,63,103
1673,0.7000000000000001,378,46,100
1674,0.75,392,44,96
1675,0.8,405,42,74
1676,0.8500000000000001,423,36,65
1677,0.9,429,26,61
1678,0.9500000000000001,454,20,38
1679,1.0,465,17,29
1680,0.0,188,128,243
1681,0.05,197,126,235
1682,0.1,224,99,241
1683,0.15000000000000002,223,113,220
1684,0.2,253,78,210
1685,0.25,262,85,210
1686,0.30000000000000004,275,96,179
1687,0.35000000000000003,294,87,159
1688,0.4,302,91,155
1689,0.45,327,77,133
1690,0.5,317,70,150
1691,0.55,356,53,123
1692,0.6000000000000001,355,55,121
1693,0.65,366,61,107
1694,0.7000000000000001,390,45,91
1695,0.75,388,48,90
1696,0.8,408,40,75
1697,0.8500000000000001,427,25,65
1698,0.9,430,28,56
1699,0.9500000000000001,455,16,38
1700,1.0,460,14,33
1701,0.0,184,121,249
1702,0.05,204,125,236
1703,0.1,209,143,199
1704,0.15000000000000002,229,105,221
1705,0.2,251,101,187
1706,0.25,257,98,189
1707,0.30000000000000004,267,86,192
1708,0.35000000000000003,308,77,157
1709,0.4,297,90,147
1710,0.45,301,74,159
1711,0.5,333,67,129
1712,0.55,348,54,136
1713,0.6000000000000001,337,74,127
1714,0.65,359,60,118
1715,0.7000000000000001,367,49,104
1716,0.75,372,45,109
1717,0.8,410,44,66
1718,0.8500000000000001,426,25,64
1719,0.9,435,22,62
1720,0.9500000000000001,456,17,36
1721,1.0,454,11,47
1722,0.0,195,120,248
1723,0.05,198,108,255
1724,0.1,231,94,236
1725,0.15000000000000002,227,118,207
1726,0.2,238,107,200
1727,0.25,251,85,200
1728,0.30000000000000004,263,104,185
1729,0.35000000000000003,289,77,173
1730,0.4,300,89,149
1731,0.45,324,71,154
1732,0.5,315,72,144
1733,0.55,336,67,128
1734,0.6000000000000001,353,64,118
1735,0.65,356,56,112
1736,0.7000000000000001,372,45,101
1737,0.75,396,41,90
1738,0.8,407,40,78
1739,0.8500000000000001,413,31,75
1740,0.9,429,25,65
1741,0.9500000000000001,455,16,45
1742,1.0,456,15,43
1743,0.0,195,131,235
1744,0.05,199,132,220
1745,0.1,230,113,224
1746,0.15000000000000002,241,107,203
1747,0.2,254,105,216
1748,0.25,252,113,176
1749,0.30000000000000004,270,82,204
1750,0.35000000000000003,322,86,145
1751,0.4,316,65,166
1752,0.45,308,96,131
1753,0.5,332,62,140
1754,0.55,353,56,136
1755,0.6000000000000001,357,70,98
1756,0.65,357,60,106
1757,0.7000000000000001,392,39,93
1758,0.75,388,45,94
1759,0.8,405,32,89
1760,0.8500000000000001,428,28,63
1761,0.9,434,21,55
1762,0.9500000000000001,431,26,56
1763,1.0,460,16,39
1764,0.0,200,113,252
1765,0.05,214,114,234
1766,0.1,229,109,218
1767,0.15000000000000002,242,98,219
1768,0.2,252,104,200
1769,0.25,280,93,185
1770,0.30000000000000004,251,105,183
1771,0.35000000000000003,282,99,163
1772,0.4,310,78,149
1773,0.45,290,89,161
1774,0.5,334,73,125
1775,0.55,328,65,147
1776,0.6000000000000001,337,64,125
1777,0.65,359,55,111
1778,0.7000000000000001,384,51,87
1779,0.75,403,41,73
1780,0.8,411,37,76
1781,0.8500000000000001,420,30,68
1782,0.9,424,28,58
1783,0.9500000000000001,438,28,45
1784,1.0,460,19,27
1785,0.0,197,124,239
1786,0.05,208,111,238
1787,0.1,222,111,224
1788,0.15000000000000002,240,110,215
1789,0.2,257,110,195
1790,0.25,250,97,201
1791,0.30000000000000004,294,67,200
1792,0.35000000000000003,278,97,163
1793,0.4,294,89,155
1794,0.45,289,83,172
1795,0.5,318,73,143
1796,0.55,333,70,133
1797,0.6000000000000001,372,51,96
1798,0.65,357,52,108
1799,0.7000000000000001,382,40,107
1800,0.75,373,49,96
1801,0.8,406,34,85
1802,0.8500000000000001,411,39,67
1803,0.9,424,36,46
1804,0.9500000000000001,452,18,40
1805,1.0,461,17,30
1806,0.0,206,130,236
1807,0.05,185,133,236
1808,0.1,236,103,225
1809,0.15000000000000002,226,118,204
1810,0.2,271,94,184
1811,0.25,265,99,180
1812,0.30000000000000004,251,103,183
1813,0.35000000000000003,282,86,164
1814,0.4,302,106,126
1815,0.45,311,74,168
1816,0.5,312,64,153
1817,0.55,337,72,118
1818,0.6000000000000001,353,56,131
1819,0.65,373,61,95
1820,0.7000000000000001,367,56,93
1821,0.75,392,43,86
1822,0.8,416,32,66
1823,0.8500000000000001,424,27,60
1824,0.9,452,20,44
1825,0.9500000000000001,438,27,43
1826,1.0,459,11,35
1827,0.0,192,118,265
1828,0.05,204,119,241
1829,0.1,225,108,230
1830,0.15000000000000002,244,90,235
1831,0.2,245,96,214
1832,0.25,246,102,199
1833,0.30000000000000004,284,84,184
1834,0.35000000000000003,295,90,167
1835,0.4,266,95,181
1836,0.45,291,82,164
1837,0.5,333,59,148
1838,0.55,329,74,131
1839,0.6000000000000001,344,75,110
1840,0.65,369,48,109
1841,0.7000000000000001,390,47,90
1842,0.75,377,45,97
1843,0.8,402,35,75
1844,0.8500000000000001,420,32,66
1845,0.9,415,37,60
1846,0.9500000000000001,447,22,40
1847,1.0,450,25,35
1848,0.0,195,114,251
1849,0.05,201,113,237
1850,0.1,212,110,229
1851,0.15000000000000002,238,108,205
1852,0.2,249,107,196
1853,0.25,277,92,177
1854,0.30000000000000004,265,97,176
1855,0.35000000000000003,280,94,175
1856,0.4,291,75,173
1857,0.45,308,63,169
1858,0.5,338,73,115
1859,0.55,325,70,142
1860,0.6000000000000001,360,52,118
1861,0.65,365,56,104
1862,0.7000000000000001,373,62,84
1863,0.75,382,44,100
1864,0.8,417,31,70
1865,0.8500000000000001,418,36,66
1866,0.9,429,29,54
1867,0.9500000000000001,443,18,46
1868,1.0,460,20,27
1869,0.0,193,137,231
1870,0.05,204,114,248
1871,0.1,202,117,237
1872,0.15000000000000002,227,111,220
1873,0.2,251,104,201
1874,0.25,254,105,182
1875,0.30000000000000004,282,80,186
1876,0.35000000000000003,301,84,159
1877,0.4,315,68,165
1878,0.45,313,70,153
1879,0.5,341,76,126
1880,0.55,336,60,139
1881,0.6000000000000001,352,60,123
1882,0.65,369,63,91
1883,0.7000000000000001,385,46,95
1884,0.75,395,39,87
1885,0.8,403,44,69
1886,0.8500000000000001,416,36,66
1887,0.9,424,24,65
1888,0.9500000000000001,451,20,39
1889,1.0,459,16,30
1890,0.0,179,124,259
1891,0.05,192,127,253
1892,0.1,230,100,230
1893,0.15000000000000002,255,97,204
1894,0.2,267,86,201
1895,0.25,275,91,184
1896,0.30000000000000004,287,86,173
1897,0.35000000000000003,278,86,182
1898,0.4,299,82,157
1899,0.45,300,82,159
1900,0.5,304,80,141
1901,0.55,329,84,119
1902,0.6000000000000001,357,59,119
1903,0.65,352,69,98
1904,0.7000000000000001,388,45,98
1905,0.75,390,46,85
1906,0.8,412,39,67
1907,0.8500000000000001,407,34,78
1908,0.9,437,25,51
1909,0.9500000000000001,443,31,31
1910,1.0,451,17,39
1911,0.0,199,126,236
1912,0.05,223,107,239
1913,0.1,202,120,227
1914,0.15000000000000002,226,113,208
1915,0.2,236,107,213
1916,0.25,268,97,192
1917,0.30000000000000004,277,89,179
1918,0.35000000000000003,285,89,159
1919,0.4,291,97,156
1920,0.45,313,79,147
1921,0.5,328,71,124
1922,0.55,345,62,130
1923,0.6000000000000001,348,58,124
1924,0.65,368,53,109
1925,0.7000000000000001,362,54,109
1926,0.75,395,41,83
1927,0.8,413,31,77
1928,0.8500000000000001,421,34,55
1929,0.9,420,27,70
1930,0.9500000000000001,441,25,48
1931,1.0,457,21,33
1932,0.0,177,143,229
1933,0.05,210,124,234
1934,0.1,239,102,225
1935,0.15000000000000002,246,92,220
1936,0.2,251,96,205
1937,0.25,262,91,187
1938,0.30000000000000004,310,83,156
1939,0.35000000000000003,284,86,175
1940,0.4,299,92,149
1941,0.45,325,69,143
1942,0.5,346,59,127
1943,0.55,336,62,137
1944,0.6000000000000001,358,64,115
1945,0.65,373,56,92
1946,0.7000000000000001,398,43,88
1947,0.75,390,49,84
1948,0.8,411,34,77
1949,0.8500000000000001,415,38,72
1950,0.9,436,28,56
1951,0.9500000000000001,437,27,45
1952,1.0,457,12,39
1953,0.0,188,117,259
1954,0.05,206,141,217
1955,0.1,218,118,211
1956,0.15000000000000002,237,108,220
1957,0.2,255,104,208
1958,0.25,254,97,199
1959,0.30000000000000004,262,108,176
1960,0.35000000000000003,290,78,186
1961,0.4,298,73,177
1962,0.45,320,71,156
1963,0.5,324,62,149
1964,0.55,329,81,121
1965,0.6000000000000001,355,65,109
1966,0.65,376,57,99
1967,0.7000000000000001,379,51,97
1968,0.75,378,57,92
1969,0.8,396,45,72
1970,0.8500000000000001,408,37,76
1971,0.9,432,28,56
1972,0.9500000000000001,442,20,48
1973,1.0,456,20,32
1974,0.0,198,134,229
1975,0.05,215,136,214
1976,0.1,232,104,223
1977,0.15000000000000002,242,100,231
1978,0.2,252,97,208
1979,0.25,264,85,197
1980,0.30000000000000004,263,93,190
1981,0.35000000000000003,285,87,173
1982,0.4,304,76,160
1983,0.45,304,90,149
1984,0.5,312,82,151
1985,0.55,329,68,138
1986,0.6000000000000001,370,51,100
1987,0.65,370,36,125
1988,0.7000000000000001,393,42,93
1989,0.75,403,33,82
1990,0.8,412,36,71
1991,0.8500000000000001,422,29,67
1992,0.9,424,30,61
1993,0.9500000000000001,455,16,36
1994,1.0,463,13,32
1995,0.0,196,132,246
1996,0.05,216,108,249
1997,0.1,213,111,227
1998,0.15000000000000002,209,124,223
1999,0.2,252,100,198
2000,0.25,264,93,195
2001,0.30000000000000004,270,102,169
2002,0.35000000000000003,274,91,176
2003,0.4,315,75,145
2004,0.45,316,77,152
2005,0.5,341,78,127
2006,0.55,336,62,132
2007,0.6000000000000001,347,60,124
2008,0.65,362,56,109
2009,0.7000000000000001,375,60,91
2010,0.75,374,47,100
2011,0.8,400,33,83
2012,0.8500000000000001,420,29,64
2013,0.9,423,34,54
2014,0.9500000000000001,439,22,46
2015,1.0,459,20,34
2016,0.0,169,123,263
2017,0.05,212,121,239
2018,0.1,220,111,216
2019,0.15000000000000002,232,115,200
2020,0.2,256,104,195
2021,0.25,262,78,207
2022,0.30000000000000004,277,99,172
2023,0.35000000000000003,308,73,169
2024,0.4,321,68,152
2025,0.45,316,84,134
2026,0.5,327,78,135
2027,0.55,337,59,143
2028,0.6000000000000001,338,75,129
2029,0.65,382,48,101
2030,0.7000000000000001,388,45,85
2031,0.75,391,47,90
2032,0.8,408,32,83
2033,0.8500000000000001,409,36,69
2034,0.9,435,31,56
2035,0.9500000000000001,453,17,42
2036,1.0,472,13,21
2037,0.0,195,134,225
2038,0.05,206,115,236
2039,0.1,224,108,233
2040,0.15000000000000002,247,116,199
2041,0.2,257,96,213
2042,0.25,291,92,183
2043,0.30000000000000004,277,85,186
2044,0.35000000000000003,293,99,156
2045,0.4,295,84,168
2046,0.45,331,63,143
2047,0.5,333,71,139
2048,0.55,349,62,122
2049,0.6000000000000001,358,57,110
2050,0.65,363,50,111
2051,0.7000000000000001,384,48,93
2052,0.75,385,52,82
2053,0.8,400,42,89
2054,0.8500000000000001,411,27,79
2055,0.9,422,29,59
2056,0.9500000000000001,436,28,54
2057,1.0,465,19,25
2058,0.0,179,124,260
2059,0.05,199,104,257
2060,0.1,228,101,235
2061,0.15000000000000002,240,104,216
2062,0.2,248,105,193
2063,0.25,268,94,187
2064,0.30000000000000004,263,83,198
2065,0.35000000000000003,279,95,175
2066,0.4,301,87,148
2067,0.45,310,75,158
2068,0.5,324,78,131
2069,0.55,347,59,123
2070,0.6000000000000001,361,59,103
2071,0.65,371,51,100
2072,0.7000000000000001,384,40,102
2073,0.75,395,45,78
2074,0.8,401,36,74
2075,0.8500000000000001,424,29,62
2076,0.9,444,32,38
2077,0.9500000000000001,444,26,42
2078,1.0,463,15,29
2079,0.0,197,116,248
2080,0.05,212,100,248
2081,0.1,221,112,220
2082,0.15000000000000002,237,102,222
2083,0.2,242,101,198
2084,0.25,260,77,218
2085,0.30000000000000004,281,77,189
2086,0.35000000000000003,276,96,171
2087,0.4,286,85,176
2088,0.45,323,66,147
2089,0.5,320,74,138
2090,0.55,344,62,125
2091,0.6000000000000001,361,50,123
2092,0.65,354,55,108
2093,0.7000000000000001,377,47,106
2094,0.75,389,48,82
2095,0.8,407,39,85
2096,0.8500000000000001,404,29,90
2097,0.9,432,22,62
2098,0.9500000000000001,450,20,43
2099,1.0,463,14,34
